time_s,ax,ay,az,gx,gy,gz,roll,pitch,yaw,qw,qx,qy,qz,true_speed_mps,true_distance_m,true_forward_accel_mps2
0.0,1.2301533574825743e-05,0.002987455375084699,0.9972586214463778,0.0,0.0,0.0,0.0,0.0,30.0,0.9659258262890683,0.0,0.0,0.25881904510252074,0.0,0.0,0.0
0.01,-0.008905918387572742,-0.004546707851717226,0.9900835344500355,0.0,0.0,0.0,0.0,0.0,30.0,0.9659258262890683,0.0,0.0,0.25881904510252074,0.0,0.0,0.0
0.02,0.0006014360259743849,0.013402152455545338,0.9950779348144868,0.0,0.0,0.0,0.0,0.0,30.0,0.9659258262890683,0.0,0.0,0.25881904510252074,0.0,0.0,0.0
0.03,-0.006204748998199405,0.004898420501851982,1.0035688700816006,0.0,0.0,0.0,0.0,0.0,30.0,0.9659258262890683,0.0,0.0,0.25881904510252074,0.0,0.0,0.0
0.04,0.0010541424899789857,-0.009304680447082048,0.9997074817753672,0.0,0.0,0.0,0.0,0.0,30.0,0.9659258262890683,0.0,0.0,0.25881904510252074,0.0,0.0,0.0
0.05,0.006953031944582878,-0.01344214547285082,0.9954238423895978,0.0,0.0,0.0,0.0,0.0,30.0,0.9659258262890683,0.0,0.0,0.25881904510252074,0.0,0.0,0.0
0.06,-0.019012227398008442,-0.012895377397849761,0.9815826496220826,0.0,0.0,0.0,0.0,0.0,30.0,0.9659258262890683,0.0,0.0,0.25881904510252074,0.0,0.0,0.0
0.07,-0.0023509113107468126,-0.012674464814437032,1.002712643588217,0.0,0.0,0.0,0.0,0.0,30.0,0.9659258262890683,0.0,0.0,0.25881904510252074,0.0,0.0,0.0
0.08,0.0015675108662422516,-0.0018693094462995438,0.9748324028917948,0.0,0.0,0.0,0.0,0.0,30.0,0.9659258262890683,0.0,0.0,0.25881904510252074,0.0,0.0,0.0
0.09,-0.005386928958466366,-0.0004850094540107199,1.001133089860033,0.0,0.0,0.0,0.0,0.0,30.0,0.9659258262890683,0.0,0.0,0.25881904510252074,0.0,0.0,0.0
0.1,-0.015301357655053936,-0.004777532760339306,0.9902148092194337,0.0,0.0,0.0,0.0,0.0,30.0,0.9659258262890683,0.0,0.0,0.25881904510252074,0.0,0.0,0.0
0.11,-0.008088372394255994,0.010608986233860787,0.9919246532466811,0.0,0.0,0.0,0.0,0.0,30.0,0.9659258262890683,0.0,0.0,0.25881904510252074,0.0,0.0,0.0
0.12,-0.000325217049455206,0.00884389867383174,0.9941639956725671,0.0,0.0,0.0,0.0,0.0,30.0,0.9659258262890683,0.0,0.0,0.25881904510252074,0.0,0.0,0.0
0.13,-0.0011170194958415964,0.001104641432494806,1.0006378177425506,0.0,0.0,0.0,0.0,0.0,30.0,0.9659258262890683,0.0,0.0,0.25881904510252074,0.0,0.0,0.0
0.14,-0.012250558264176935,0.000761402303770081,1.0135882342174154,0.0,0.0,0.0,0.0,0.0,30.0,0.9659258262890683,0.0,0.0,0.25881904510252074,0.0,0.0,0.0
0.15,-0.015471446781284823,0.008593826880215982,1.0011935402569658,0.0,0.0,0.0,0.0,0.0,30.0,0.9659258262890683,0.0,0.0,0.25881904510252074,0.0,0.0,0.0
0.16,-0.006414703941072215,0.02000416546342423,1.007622597120847,0.0,0.0,0.0,0.0,0.0,30.0,0.9659258262890683,0.0,0.0,0.25881904510252074,0.0,0.0,0.0
0.17,-0.011992889021052234,0.0007451622877146343,1.0057668958367019,0.0,0.0,0.0,0.0,0.0,30.0,0.9659258262890683,0.0,0.0,0.25881904510252074,0.0,0.0,0.0
0.18,-0.0018878212535074935,0.00682910267195206,0.9993348267985059,0.0,0.0,0.0,0.0,0.0,30.0,0.9659258262890683,0.0,0.0,0.25881904510252074,0.0,0.0,0.0
0.19,0.006672475608343279,0.01438522591656152,0.9932433774899435,0.0,0.0,0.0,0.0,0.0,30.0,0.9659258262890683,0.0,0.0,0.25881904510252074,0.0,0.0,0.0
0.2,0.0020313861038960906,-0.004633075765384151,1.0012726841122583,0.0,0.0,0.0,0.0,0.0,30.0,0.9659258262890683,0.0,0.0,0.25881904510252074,0.0,0.0,0.0
0.21,-0.011871945278501399,-0.0057930159650267325,0.9980380402719551,0.0,0.0,0.0,0.0,0.0,30.0,0.9659258262890683,0.0,0.0,0.25881904510252074,0.0,0.0,0.0
0.22,0.008987638721004079,0.01145222007454132,0.9867647220751574,0.0,0.0,0.0,0.0,0.0,30.0,0.9659258262890683,0.0,0.0,0.25881904510252074,0.0,0.0,0.0
0.23,-0.007946423659870496,0.006469034225734219,0.9800758021582551,0.0,0.0,0.0,0.0,0.0,30.0,0.9659258262890683,0.0,0.0,0.25881904510252074,0.0,0.0,0.0
0.24,-0.00463169864952367,-0.0009728692567008902,1.012570149772868,0.0,0.0,0.0,0.0,0.0,30.0,0.9659258262890683,0.0,0.0,0.25881904510252074,0.0,0.0,0.0
0.25,0.006894039005707557,-0.0032721342022219786,0.9963142410590005,0.0,0.0,0.0,0.0,0.0,30.0,0.9659258262890683,0.0,0.0,0.25881904510252074,0.0,0.0,0.0
0.26,-0.0025019540051792496,0.015235294004561603,0.9957197505742713,0.0,0.0,0.0,0.0,0.0,30.0,0.9659258262890683,0.0,0.0,0.25881904510252074,0.0,0.0,0.0
0.27,-0.003036803883647294,0.0035258906728526536,0.9987922955491354,0.0,0.0,0.0,0.0,0.0,30.0,0.9659258262890683,0.0,0.0,0.25881904510252074,0.0,0.0,0.0
0.28,-0.0019728422796572256,-0.011140671431510565,0.9998847853196146,0.0,0.0,0.0,0.0,0.0,30.0,0.9659258262890683,0.0,0.0,0.25881904510252074,0.0,0.0,0.0
0.29,-0.004435812229744192,0.011661277761902228,1.0065308850270116,0.0,0.0,0.0,0.0,0.0,30.0,0.9659258262890683,0.0,0.0,0.25881904510252074,0.0,0.0,0.0
0.3,-0.00024143613009932236,0.006683810232673439,0.9966013044828684,0.0,0.0,0.0,0.0,0.0,30.0,0.9659258262890683,0.0,0.0,0.25881904510252074,0.0,0.0,0.0
0.31,0.010521263584269469,-5.3995606716266054e-05,1.0058338235418043,0.0,0.0,0.0,0.0,0.0,30.0,0.9659258262890683,0.0,0.0,0.25881904510252074,0.0,0.0,0.0
0.32,-0.012908932453234871,0.0034668004887842977,0.9831179588263346,0.0,0.0,0.0,0.0,0.0,30.0,0.9659258262890683,0.0,0.0,0.25881904510252074,0.0,0.0,0.0
0.33,-0.020353289449399327,-0.0030447687771143726,0.991000723924014,0.0,0.0,0.0,0.0,0.0,30.0,0.9659258262890683,0.0,0.0,0.25881904510252074,0.0,0.0,0.0
0.34,0.0016405279571222258,0.022447566264860493,0.9916827681858791,0.0,0.0,0.0,0.0,0.0,30.0,0.9659258262890683,0.0,0.0,0.25881904510252074,0.0,0.0,0.0
0.35000000000000003,-0.006239435864439059,0.002054039460646989,1.0049301329141236,0.0,0.0,0.0,0.0,0.0,30.0,0.9659258262890683,0.0,0.0,0.25881904510252074,0.0,0.0,0.0
0.36,-0.001764060659057582,-0.002059303302532165,1.0070246295512053,0.0,0.0,0.0,0.0,0.0,30.0,0.9659258262890683,0.0,0.0,0.25881904510252074,0.0,0.0,0.0
0.37,0.005199076370338985,-0.010336758320736888,0.9992081868138415,0.0,0.0,0.0,0.0,0.0,30.0,0.9659258262890683,0.0,0.0,0.25881904510252074,0.0,0.0,0.0
0.38,0.0003528684866147414,-0.010544846220491105,1.0025983910067435,0.0,0.0,0.0,0.0,0.0,30.0,0.9659258262890683,0.0,0.0,0.25881904510252074,0.0,0.0,0.0
0.39,-0.00857956477176544,0.009720667079170428,1.0019274591260507,0.0,0.0,0.0,0.0,0.0,30.0,0.9659258262890683,0.0,0.0,0.25881904510252074,0.0,0.0,0.0
0.4,0.000893064857690503,-0.00591028352856274,0.9988139017612231,0.0,0.0,0.0,0.0,0.0,30.0,0.9659258262890683,0.0,0.0,0.25881904510252074,0.0,0.0,0.0
0.41000000000000003,-0.019977462929070548,-0.011314074705230586,1.0036283979918876,0.0,0.0,0.0,0.0,0.0,30.0,0.9659258262890683,0.0,0.0,0.25881904510252074,0.0,0.0,0.0
0.42,-0.02128567041822145,0.008466085214811634,0.9825390352462609,0.0,0.0,0.0,0.0,0.0,30.0,0.9659258262890683,0.0,0.0,0.25881904510252074,0.0,0.0,0.0
0.43,0.007567385026642677,-0.008454970328793242,1.0077899108434245,0.0,0.0,0.0,0.0,0.0,30.0,0.9659258262890683,0.0,0.0,0.25881904510252074,0.0,0.0,0.0
0.44,0.0013095120758479981,-0.015368349402914887,1.0124914874955846,0.0,0.0,0.0,0.0,0.0,30.0,0.9659258262890683,0.0,0.0,0.25881904510252074,0.0,0.0,0.0
0.45,0.014417071555226117,-0.000658049060002071,0.9972608372782769,0.0,0.0,0.0,0.0,0.0,30.0,0.9659258262890683,0.0,0.0,0.25881904510252074,0.0,0.0,0.0
0.46,-0.0015986696597063634,-0.009751523227787462,1.0109858675975691,0.0,0.0,0.0,0.0,0.0,30.0,0.9659258262890683,0.0,0.0,0.25881904510252074,0.0,0.0,0.0
0.47000000000000003,-0.005428919317301868,-0.0005119041269167657,0.9920670359679695,0.0,0.0,0.0,0.0,0.0,30.0,0.9659258262890683,0.0,0.0,0.25881904510252074,0.0,0.0,0.0
0.48,-0.006260730997201972,-0.012777251516511705,1.012570693137144,0.0,0.0,0.0,0.0,0.0,30.0,0.9659258262890683,0.0,0.0,0.25881904510252074,0.0,0.0,0.0
0.49,-0.001540875732060132,0.00965921618728809,1.0001332459691326,0.0,0.0,0.0,0.0,0.0,30.0,0.9659258262890683,0.0,0.0,0.25881904510252074,0.0,0.0,0.0
0.5,-0.006944035277028942,-0.0032668526000225215,0.9943976894949711,0.0,0.0,0.0,0.0,0.0,30.0,0.9659258262890683,0.0,0.0,0.25881904510252074,0.0,0.0,0.0
0.51,7.959099184913658e-05,-0.003752668396769557,0.997000782840582,0.0,0.0,0.0,0.0,0.0,30.0,0.9659258262890683,0.0,0.0,0.25881904510252074,0.0,0.0,0.0
0.52,-0.013785746841359138,-0.008068459276211205,1.0165405754880044,0.0,0.0,0.0,0.0,0.0,30.0,0.9659258262890683,0.0,0.0,0.25881904510252074,0.0,0.0,0.0
0.53,-0.006712332162517173,-0.010540937876234929,1.0033732633257502,0.0,0.0,0.0,0.0,0.0,30.0,0.9659258262890683,0.0,0.0,0.25881904510252074,0.0,0.0,0.0
0.54,0.014072721995565321,-0.014540243024812083,0.9979147815174872,0.0,0.0,0.0,0.0,0.0,30.0,0.9659258262890683,0.0,0.0,0.25881904510252074,0.0,0.0,0.0
0.55,-0.006320525539349078,-0.017610194743274032,1.0073492670925839,0.0,0.0,0.0,0.0,0.0,30.0,0.9659258262890683,0.0,0.0,0.25881904510252074,0.0,0.0,0.0
0.56,-0.0002344391855484465,0.0007144184429260536,0.9924768852755441,0.0,0.0,0.0,0.0,0.0,30.0,0.9659258262890683,0.0,0.0,0.25881904510252074,0.0,0.0,0.0
0.5700000000000001,0.004547841629969167,-0.005392973494873211,0.9985709679150325,0.0,0.0,0.0,0.0,0.0,30.0,0.9659258262890683,0.0,0.0,0.25881904510252074,0.0,0.0,0.0
0.58,-0.011082607921815132,-0.012161027602081953,1.0133553185530002,0.0,0.0,0.0,0.0,0.0,30.0,0.9659258262890683,0.0,0.0,0.25881904510252074,0.0,0.0,0.0
0.59,-0.005071047045384753,0.002916803563558019,0.9996620956523262,0.0,0.0,0.0,0.0,0.0,30.0,0.9659258262890683,0.0,0.0,0.25881904510252074,0.0,0.0,0.0
0.6,-0.004411452027621842,-0.005079609703372196,1.006300825914456,0.0,0.0,0.0,0.0,0.0,30.0,0.9659258262890683,0.0,0.0,0.25881904510252074,0.0,0.0,0.0
0.61,-0.0030186760453390984,-0.0015144364817129203,1.0002222155719447,0.0,0.0,0.0,0.0,0.0,30.0,0.9659258262890683,0.0,0.0,0.25881904510252074,0.0,0.0,0.0
0.62,0.011765083202520015,0.006805109746331383,1.0038260026772798,0.0,0.0,0.0,0.0,0.0,30.0,0.9659258262890683,0.0,0.0,0.25881904510252074,0.0,0.0,0.0
0.63,-0.005635713933532417,-0.013819687200064656,1.009495299317353,0.0,0.0,0.0,0.0,0.0,30.0,0.9659258262890683,0.0,0.0,0.25881904510252074,0.0,0.0,0.0
0.64,0.009664471342208762,-0.001407083991233403,1.0054188384160352,0.0,0.0,0.0,0.0,0.0,30.0,0.9659258262890683,0.0,0.0,0.25881904510252074,0.0,0.0,0.0
0.65,0.00781443053885405,0.008311844526649818,1.0092138347324648,0.0,0.0,0.0,0.0,0.0,30.0,0.9659258262890683,0.0,0.0,0.25881904510252074,0.0,0.0,0.0
0.66,-0.004556176506611328,0.015149729826647177,0.987534069417143,0.0,0.0,0.0,0.0,0.0,30.0,0.9659258262890683,0.0,0.0,0.25881904510252074,0.0,0.0,0.0
0.67,0.008617230769936491,0.004939320790307585,1.008736191135245,0.0,0.0,0.0,0.0,0.0,30.0,0.9659258262890683,0.0,0.0,0.25881904510252074,0.0,0.0,0.0
0.68,0.018790083070967373,0.01484445473378649,0.9885482309281067,0.0,0.0,0.0,0.0,0.0,30.0,0.9659258262890683,0.0,0.0,0.25881904510252074,0.0,0.0,0.0
0.6900000000000001,-0.016886715802678573,0.008168890590537967,0.9898498758412407,0.0,0.0,0.0,0.0,0.0,30.0,0.9659258262890683,0.0,0.0,0.25881904510252074,0.0,0.0,0.0
0.7000000000000001,-0.00012405388647513302,0.00839727477005194,0.9835620264881442,0.0,0.0,0.0,0.0,0.0,30.0,0.9659258262890683,0.0,0.0,0.25881904510252074,0.0,0.0,0.0
0.71,-0.021099804543094788,0.0025929902033722703,1.000443858896133,0.0,0.0,0.0,0.0,0.0,30.0,0.9659258262890683,0.0,0.0,0.25881904510252074,0.0,0.0,0.0
0.72,-0.0024580307138192255,0.00038534763770218166,0.9913948439263272,0.0,0.0,0.0,0.0,0.0,30.0,0.9659258262890683,0.0,0.0,0.25881904510252074,0.0,0.0,0.0
0.73,-0.01513494407272107,-0.0016665485088032173,0.990282913089506,0.0,0.0,0.0,0.0,0.0,30.0,0.9659258262890683,0.0,0.0,0.25881904510252074,0.0,0.0,0.0
0.74,-0.01643481322411107,0.005056810713932767,0.9993860137157783,0.0,0.0,0.0,0.0,0.0,30.0,0.9659258262890683,0.0,0.0,0.25881904510252074,0.0,0.0,0.0
0.75,0.004065285366328139,-0.00989294941425937,0.9934194120816335,0.0,0.0,0.0,0.0,0.0,30.0,0.9659258262890683,0.0,0.0,0.25881904510252074,0.0,0.0,0.0
0.76,-0.009990430272201657,-0.008866418670580483,1.0019540791774941,0.0,0.0,0.0,0.0,0.0,30.0,0.9659258262890683,0.0,0.0,0.25881904510252074,0.0,0.0,0.0
0.77,-0.00782974616334946,0.003560662888202746,1.0033975592541822,0.0,0.0,0.0,0.0,0.0,30.0,0.9659258262890683,0.0,0.0,0.25881904510252074,0.0,0.0,0.0
0.78,0.020251609868801028,-0.013927890458668097,1.0088790237783505,0.0,0.0,0.0,0.0,0.0,30.0,0.9659258262890683,0.0,0.0,0.25881904510252074,0.0,0.0,0.0
0.79,-0.0008948796188841831,-0.0001402973013099694,0.985501361780934,0.0,0.0,0.0,0.0,0.0,30.0,0.9659258262890683,0.0,0.0,0.25881904510252074,0.0,0.0,0.0
0.8,-0.004601938127246543,0.00743197263443954,0.999175216279827,0.0,0.0,0.0,0.0,0.0,30.0,0.9659258262890683,0.0,0.0,0.25881904510252074,0.0,0.0,0.0
0.81,0.0008105437041126563,-0.0029071668060054135,1.011545697469863,0.0,0.0,0.0,0.0,0.0,30.0,0.9659258262890683,0.0,0.0,0.25881904510252074,0.0,0.0,0.0
0.8200000000000001,-0.00021472567043494798,-0.022004156724820624,0.9930792744952551,0.0,0.0,0.0,0.0,0.0,30.0,0.9659258262890683,0.0,0.0,0.25881904510252074,0.0,0.0,0.0
0.8300000000000001,-0.01968796607080243,-0.03251438415496539,0.9946988465022769,0.0,0.0,0.0,0.0,0.0,30.0,0.9659258262890683,0.0,0.0,0.25881904510252074,0.0,0.0,0.0
0.84,0.013335598501027238,0.00047119906130592925,0.9882745429259503,0.0,0.0,0.0,0.0,0.0,30.0,0.9659258262890683,0.0,0.0,0.25881904510252074,0.0,0.0,0.0
0.85,-0.009406998682024223,0.011306132302500087,1.0015762662339847,0.0,0.0,0.0,0.0,0.0,30.0,0.9659258262890683,0.0,0.0,0.25881904510252074,0.0,0.0,0.0
0.86,0.00047999241562056964,-0.0005346178883805718,1.0003840026155535,0.0,0.0,0.0,0.0,0.0,30.0,0.9659258262890683,0.0,0.0,0.25881904510252074,0.0,0.0,0.0
0.87,0.008054056469437984,0.005525672973560755,1.002157047000245,0.0,0.0,0.0,0.0,0.0,30.0,0.9659258262890683,0.0,0.0,0.25881904510252074,0.0,0.0,0.0
0.88,-0.010428683575900106,0.00511108764909727,0.993157529220075,0.0,0.0,0.0,0.0,0.0,30.0,0.9659258262890683,0.0,0.0,0.25881904510252074,0.0,0.0,0.0
0.89,0.010938456759004787,-0.012710508217241274,0.9986237902372441,0.0,0.0,0.0,0.0,0.0,30.0,0.9659258262890683,0.0,0.0,0.25881904510252074,0.0,0.0,0.0
0.9,-7.35828629127095e-05,-0.013246455506441367,1.0172197164385648,0.0,0.0,0.0,0.0,0.0,30.0,0.9659258262890683,0.0,0.0,0.25881904510252074,0.0,0.0,0.0
0.91,0.014604067672595523,-0.004635837616090832,1.0077172116556452,0.0,0.0,0.0,0.0,0.0,30.0,0.9659258262890683,0.0,0.0,0.25881904510252074,0.0,0.0,0.0
0.92,0.0037867606967021184,-0.02613559463345258,1.002503980162776,0.0,0.0,0.0,0.0,0.0,30.0,0.9659258262890683,0.0,0.0,0.25881904510252074,0.0,0.0,0.0
0.93,-0.000613440798332485,0.0008321735347453037,0.9892312508017284,0.0,0.0,0.0,0.0,0.0,30.0,0.9659258262890683,0.0,0.0,0.25881904510252074,0.0,0.0,0.0
0.9400000000000001,-0.0026934704622040492,-0.0017825876338229713,1.0118809421721233,0.0,0.0,0.0,0.0,0.0,30.0,0.9659258262890683,0.0,0.0,0.25881904510252074,0.0,0.0,0.0
0.9500000000000001,0.003344270603910144,-5.5550302026637703e-05,1.0152896999791095,0.0,0.0,0.0,0.0,0.0,30.0,0.9659258262890683,0.0,0.0,0.25881904510252074,0.0,0.0,0.0
0.96,-0.005552479297636473,-0.003894303048753847,0.9818324498866093,0.0,0.0,0.0,0.0,0.0,30.0,0.9659258262890683,0.0,0.0,0.25881904510252074,0.0,0.0,0.0
0.97,0.015691058462836124,0.009643323681944286,1.009168480445117,0.0,0.0,0.0,0.0,0.0,30.0,0.9659258262890683,0.0,0.0,0.25881904510252074,0.0,0.0,0.0
0.98,0.006688984464469374,0.00110148587663652,1.0021548893918233,0.0,0.0,0.0,0.0,0.0,30.0,0.9659258262890683,0.0,0.0,0.25881904510252074,0.0,0.0,0.0
0.99,-0.0025200659026730784,-0.0020360042572294627,1.000543036117137,0.0,0.0,0.0,0.0,0.0,30.0,0.9659258262890683,0.0,0.0,0.25881904510252074,0.0,0.0,0.0
1.0,0.2751395719825523,-0.1445664751760625,0.9994153987424114,0.0,0.0,0.0,0.0,0.0,30.0,0.9659258262890683,0.0,0.0,0.25881904510252074,0.0,0.0,2.9444143828159905
1.01,0.5128237153844558,-0.30577401656105435,1.016027050111725,0.0,0.0,0.0,0.0,0.0,30.0,0.9659258262890683,0.0,0.0,0.25881904510252074,0.058888287656319864,0.0002944414382815996,5.872693360685417
1.02,0.5208423344965972,-0.2971075959289521,0.9965381815784727,0.0,0.0,0.0,0.0,0.0,30.0,0.9659258262890683,0.0,0.0,0.25881904510252074,0.11745386721370843,0.0011761522126317418,5.84050930488646
1.03,0.5018580342337948,-0.2968196095924665,1.0087365803447021,0.0,0.0,0.0,0.0,0.0,30.0,0.9659258262890683,0.0,0.0,0.25881904510252074,0.17569847375404918,0.002641913917470531,5.808498290968681
1.04,0.5062115019704966,-0.2968000876108423,0.9977896564856102,0.0,0.0,0.0,0.0,0.0,30.0,0.9659258262890683,0.0,0.0,0.25881904510252074,0.23362383303308215,0.004688525451406189,5.776659388806085
1.05,0.508436241697496,-0.30884316641861287,0.9976460164803492,0.0,0.0,0.0,0.0,0.0,30.0,0.9659258262890683,0.0,0.0,0.25881904510252074,0.29123166153017094,0.0073128029242224574,5.744991673237168
1.06,0.49601480264030384,-0.282461284324799,0.9922940132343513,0.0,0.0,0.0,0.0,0.0,30.0,0.9659258262890683,0.0,0.0,0.25881904510252074,0.3485236664978256,0.010511579564362444,5.713494224039183
1.07,0.5075626404937493,-0.2744654716435052,0.9968640373871838,0.0,0.0,0.0,0.0,0.0,30.0,0.9659258262890683,0.0,0.0,0.25881904510252074,0.4055015460109547,0.014281705626906348,5.682166125901219
1.08,0.49302470069336196,-0.28620682318220186,0.9999797097239097,0.0,0.0,0.0,0.0,0.0,30.0,0.9659258262890683,0.0,0.0,0.25881904510252074,0.46216698901585007,0.018620048302040376,5.651006468398659
1.09,0.48636738495961995,-0.281931793130435,1.020155160534754,0.0,0.0,0.0,0.0,0.0,30.0,0.9659258262890683,0.0,0.0,0.25881904510252074,0.518521675378928,0.02352349162401427,5.620014345967274
1.1,0.4910002291798792,-0.28699808674929517,0.9895506797643091,0.0,0.0,0.0,0.0,0.0,30.0,0.9659258262890683,0.0,0.0,0.25881904510252074,0.5745672759351956,0.028988936380584897,5.5891888578772
1.11,0.4940646707112412,-0.2958758748445299,0.9889306897564851,0.0,0.0,0.0,0.0,0.0,30.0,0.9659258262890683,0.0,0.0,0.25881904510252074,0.6303054525364721,0.03501330002294324,5.558529108207637
1.12,0.5009774536406142,-0.2909058358725666,1.0108135756933134,0.0,0.0,0.0,0.0,0.0,30.0,0.9659258262890683,0.0,0.0,0.25881904510252074,0.6857378580993485,0.04159351657612235,5.528034205821161
1.1300000000000001,0.5007458350775976,-0.2777115930646138,1.0055339140285082,0.0,0.0,0.0,0.0,0.0,30.0,0.9659258262890683,0.0,0.0,0.25881904510252074,0.7408661366528955,0.04872653654988358,5.497703264338476
1.1400000000000001,0.502360640125809,-0.280734008748933,0.9940699420305839,0.0,0.0,0.0,0.0,0.0,30.0,0.9659258262890683,0.0,0.0,0.25881904510252074,0.7956919233861182,0.05640932685007865,5.467535402113093
1.1500000000000001,0.4666560197794011,-0.27681979103041493,1.014791442109183,0.0,0.0,0.0,0.0,0.0,30.0,0.9659258262890683,0.0,0.0,0.25881904510252074,0.8502168446951573,0.06463887069048503,5.437529742206408
1.16,0.48714873103971956,-0.28513613689769707,0.9914462461616741,0.0,0.0,0.0,0.0,0.0,30.0,0.9659258262890683,0.0,0.0,0.25881904510252074,0.9044425182302452,0.07341216750511186,5.407685412362575
1.17,0.4698896821734045,-0.271279087617066,0.9979468857289632,0.0,0.0,0.0,0.0,0.0,30.0,0.9659258262890683,0.0,0.0,0.25881904510252074,0.9583705529424077,0.08272623286097514,5.37800154498386
1.18,0.4744686453965729,-0.2697290559299905,0.9970122641332154,0.0,0.0,0.0,0.0,0.0,30.0,0.9659258262890683,0.0,0.0,0.25881904510252074,1.0120025491299225,0.09257809837133679,5.3484772771058715
1.19,0.4693290964342581,-0.26913330075267106,0.9991603029646682,0.0,0.0,0.0,0.0,0.0,30.0,0.9659258262890683,0.0,0.0,0.25881904510252074,1.0653400984845252,0.10296481160940904,5.319111750372876
1.2,0.472186717444633,-0.25100129162167545,1.0059197228477084,0.0,0.0,0.0,0.0,0.0,30.0,0.9659258262890683,0.0,0.0,0.25881904510252074,1.1183847841373802,0.11388343602251857,5.2899041110135485
1.21,0.46514415524559155,-0.2850900671367165,1.003879570860152,0.0,0.0,0.0,0.0,0.0,30.0,0.9659258262890683,0.0,0.0,0.25881904510252074,1.1711381807047962,0.12533105084672946,5.2608535098167195
1.22,0.442567600099759,-0.28084601696435796,1.0085463925246876,0.0,0.0,0.0,0.0,0.0,30.0,0.9659258262890683,0.0,0.0,0.25881904510252074,1.2236018543337146,0.13730475102192202,5.231959102106984
1.23,0.4665587885089751,-0.26678978210112064,0.9828998889384779,0.0,0.0,0.0,0.0,0.0,30.0,0.9659258262890683,0.0,0.0,0.25881904510252074,1.275777362746936,0.1498016471073253,5.203220047720748
1.24,0.45325865188460196,-0.270620369522163,1.0063684074613022,0.0,0.0,0.0,0.0,0.0,30.0,0.9659258262890683,0.0,0.0,0.25881904510252074,1.3276662552881295,0.16281886519750063,5.174635510982377
1.25,0.47703871357511424,-0.2602141115103716,0.9922068887196788,0.0,0.0,0.0,0.0,0.0,30.0,0.9659258262890683,0.0,0.0,0.25881904510252074,1.3792700729665837,0.17635354683877422,5.146204660680382
1.26,0.4402586631843955,-0.26150258292146705,0.9982320680648642,0.0,0.0,0.0,0.0,0.0,30.0,0.9659258262890683,0.0,0.0,0.25881904510252074,1.4305903485017375,0.19040284894611584,5.117926670043687
1.27,0.4379651835458817,-0.25834406322627873,0.9884908647868913,0.0,0.0,0.0,0.0,0.0,30.0,0.9659258262890683,0.0,0.0,0.25881904510252074,1.4816286063674575,0.20496394372046184,5.089800716717988
1.28,0.4581309986952136,-0.24745479503590556,1.0108475126529641,0.0,0.0,0.0,0.0,0.0,30.0,0.9659258262890683,0.0,0.0,0.25881904510252074,1.5323863628360972,0.22003401856647964,5.061825982742775
1.29,0.43981225444343575,-0.25151744953078586,0.9986793049478063,0.0,0.0,0.0,0.0,0.0,30.0,0.9659258262890683,0.0,0.0,0.25881904510252074,1.582865126022313,0.2356102760107717,5.0340016545274295
1.3,0.4382206825776311,-0.2586430931052264,0.9870028472696585,0.0,0.0,0.0,0.0,0.0,30.0,0.9659258262890683,0.0,0.0,0.25881904510252074,1.633066395926646,0.2516899336205165,5.006326922828492
1.31,0.4252393500629054,-0.2459050562550612,0.9980876459608048,0.0,0.0,0.0,0.0,0.0,30.0,0.9659258262890683,0.0,0.0,0.25881904510252074,1.682991664478883,0.2682702239225442,4.978800982726284
1.32,0.43942448844877013,-0.24243521334929116,0.9826686750498392,0.0,0.0,0.0,0.0,0.0,30.0,0.9659258262890683,0.0,0.0,0.25881904510252074,1.7326424155811717,0.2853483943228445,4.951423033602325
1.33,0.4270141908755911,-0.24931058670713485,1.0039209478666558,0.0,0.0,0.0,0.0,0.0,30.0,0.9659258262890683,0.0,0.0,0.25881904510252074,1.7820201251509296,0.302921707026505,4.924192279116383
1.34,0.42869292759758476,-0.23939122517561182,1.0021039493882964,0.0,0.0,0.0,0.0,0.0,30.0,0.9659258262890683,0.0,0.0,0.25881904510252074,1.8311262611634995,0.3209874389580772,4.897107927183555
1.35,0.41795089043755335,-0.2576171619068931,1.0080547106049462,0.0,0.0,0.0,0.0,0.0,30.0,0.9659258262890683,0.0,0.0,0.25881904510252074,1.8799622836946006,0.3395428816823677,4.870169189952094
1.36,0.4323568561476323,-0.26593402751044654,1.013477123038624,0.0,0.0,0.0,0.0,0.0,30.0,0.9659258262890683,0.0,0.0,0.25881904510252074,1.9285296449625415,0.3585853413256534,4.84337528378056
1.37,0.43134536285072644,-0.2321512208047514,0.9961629911892491,0.0,0.0,0.0,0.0,0.0,30.0,0.9659258262890683,0.0,0.0,0.25881904510252074,1.976829789370212,0.3781121384973172,4.816725429215708
1.3800000000000001,0.4200672340170357,-0.2554977621498629,1.025369295701319,0.0,0.0,0.0,0.0,0.0,30.0,0.9659258262890683,0.0,0.0,0.25881904510252074,2.0248641535468557,0.39812060821190254,4.790218850970376
1.3900000000000001,0.41894154230103803,-0.2270136657440945,0.9935270754861272,0.0,0.0,0.0,0.0,0.0,30.0,0.9659258262890683,0.0,0.0,0.25881904510252074,2.0726341663896197,0.4186080998115849,4.763854777901258
1.4000000000000001,0.4200188017016636,-0.2582655555278816,0.9961713285123323,0.0,0.0,0.0,0.0,0.0,30.0,0.9659258262890683,0.0,0.0,0.25881904510252074,2.120141249104881,0.43957197688905747,4.737632442986552
1.41,0.4259146936104196,-0.25273968955172393,1.0107222754493461,0.0,0.0,0.0,0.0,0.0,30.0,0.9659258262890683,0.0,0.0,0.25881904510252074,2.1673868152493494,0.46100961721082817,4.711551083304755
1.42,0.4171586599444028,-0.24933913042591677,0.9949840272857433,0.0,0.0,0.0,0.0,0.0,30.0,0.9659258262890683,0.0,0.0,0.25881904510252074,2.214372270770975,0.48291841264092983,4.6856099400126965
1.43,0.4069170781345359,-0.23807929489847118,0.9946385603405691,0.0,0.0,0.0,0.0,0.0,30.0,0.9659258262890683,0.0,0.0,0.25881904510252074,2.2610990140496035,0.5052957690650327,4.659808258323508
1.44,0.4009685585664964,-0.23932153117235924,0.9897311026139094,0.0,0.0,0.0,0.0,0.0,30.0,0.9659258262890683,0.0,0.0,0.25881904510252074,2.307568435937445,0.528139106314968,4.634145287485495
1.45,0.39409205813390424,-0.23545600581260334,1.0088287422555458,0.0,0.0,0.0,0.0,0.0,30.0,0.9659258262890683,0.0,0.0,0.25881904510252074,2.3537819197993133,0.5514458580936518,4.608620280760718
1.46,0.38945161111592164,-0.2336447426558762,0.9935004380519871,0.0,0.0,0.0,0.0,0.0,30.0,0.9659258262890683,0.0,0.0,0.25881904510252074,2.3997408415526595,0.5752134719004116,4.583232495403578
1.47,0.3927439308822873,-0.22385798950200542,0.9948183031090934,0.0,0.0,0.0,0.0,0.0,30.0,0.9659258262890683,0.0,0.0,0.25881904510252074,2.445446569707385,0.5994394089567119,4.557981192639559
1.48,0.41528044705824374,-0.23891022273928128,1.0038650199362584,0.0,0.0,0.0,0.0,0.0,30.0,0.9659258262890683,0.0,0.0,0.25881904510252074,2.490900465405451,0.624121144132276,4.532865637644221
1.49,0.3958185684780477,-0.237378394202497,1.0058767504257775,0.0,0.0,0.0,0.0,0.0,30.0,0.9659258262890683,0.0,0.0,0.25881904510252074,2.5361038824602695,0.6492561658716046,4.507885099522454
1.5,0.3943474002707206,-0.22253926419623757,0.99952708492783,0.0,0.0,0.0,0.0,0.0,30.0,0.9659258262890683,0.0,0.0,0.25881904510252074,2.5810581673959,0.6748419761208855,4.483038851287176
1.51,0.3828566861912062,-0.2283320663383176,1.0005195516951615,0.0,0.0,0.0,0.0,0.0,30.0,0.9659258262890683,0.0,0.0,0.25881904510252074,2.625764659486013,0.7008760902552951,4.458326169838955
1.52,0.40112883279526584,-0.23512084122310292,0.9996067014673269,0.0,0.0,0.0,0.0,0.0,30.0,0.9659258262890683,0.0,0.0,0.25881904510252074,2.670224690792679,0.7273560370066886,4.433746335945415
1.53,0.37216643906009056,-0.21829673465535654,0.9891851702535935,0.0,0.0,0.0,0.0,0.0,30.0,0.9659258262890683,0.0,0.0,0.25881904510252074,2.7144395862049215,0.7542793583916766,4.409298634220221
1.54,0.3691742600133137,-0.22416404829682351,1.0110568495866283,0.0,0.0,0.0,0.0,0.0,30.0,0.9659258262890683,0.0,0.0,0.25881904510252074,2.758410663477084,0.7816436096400866,4.3849823531032825
1.55,0.3698575578577932,-0.23321911500405298,0.9925672510894673,0.0,0.0,0.0,0.0,0.0,30.0,0.9659258262890683,0.0,0.0,0.25881904510252074,2.8021392332669874,0.809446359123807,4.360796784840005
1.56,0.3716827140787353,-0.21731798807128602,0.9919263255495551,0.0,0.0,0.0,0.0,0.0,30.0,0.9659258262890683,0.0,0.0,0.25881904510252074,2.8456265991738836,0.8376851882860115,4.336741225461282
1.57,0.3736496056312704,-0.21405931368018408,0.9924448536903131,0.0,0.0,0.0,0.0,0.0,30.0,0.9659258262890683,0.0,0.0,0.25881904510252074,2.888874057776213,0.8663576915707619,4.312814974763313
1.58,0.3830909841746076,-0.22839287749661258,0.9878786148578471,0.0,0.0,0.0,0.0,0.0,30.0,0.9659258262890683,0.0,0.0,0.25881904510252074,2.93188289866915,0.8954614763529888,4.289017336287571
1.59,0.3583184170777828,-0.198860178098324,0.9967974096786901,0.0,0.0,0.0,0.0,0.0,30.0,0.9659258262890683,0.0,0.0,0.25881904510252074,2.9746544045019645,0.9249941628688444,4.265347617301217
1.6,0.37703320614601554,-0.2165823681951441,1.0015996175700725,0.0,0.0,0.0,0.0,0.0,30.0,0.9659258262890683,0.0,0.0,0.25881904510252074,3.0171898510151745,0.9549533841464302,4.241805128776889
1.61,0.37302287495857245,-0.1959958218567741,0.9896107340904285,0.0,0.0,0.0,0.0,0.0,30.0,0.9659258262890683,0.0,0.0,0.25881904510252074,3.0594905070775025,0.9853367859368936,4.218389185373411
1.62,0.3548946418048858,-0.22401012532693437,0.9866529099024145,0.0,0.0,0.0,0.0,0.0,30.0,0.9659258262890683,0.0,0.0,0.25881904510252074,3.101557634722643,1.0161420266458943,4.19509910541592
1.6300000000000001,0.37589319121779813,-0.20450566562001676,0.9903868445484967,0.0,0.0,0.0,0.0,0.0,30.0,0.9659258262890683,0.0,0.0,0.25881904510252074,3.1433924891858207,1.0473667772654367,4.171934210876344
1.6400000000000001,0.3524845163252398,-0.21508268161528107,1.0139112387787639,0.0,0.0,0.0,0.0,0.0,30.0,0.9659258262890683,0.0,0.0,0.25881904510252074,3.1849963189401698,1.0790087213060666,4.14889382735447
1.6500000000000001,0.3361694196409094,-0.20510002885648745,0.9892424477255142,0.0,0.0,0.0,0.0,0.0,30.0,0.9659258262890683,0.0,0.0,0.25881904510252074,3.22637036573291,1.1110655547294321,4.125977284058337
1.6600000000000001,0.3727559024247726,-0.21998339749461532,0.9971458417278416,0.0,0.0,0.0,0.0,0.0,30.0,0.9659258262890683,0.0,0.0,0.25881904510252074,3.2675158646213367,1.1435349858812034,4.103183913785159
1.67,0.3452873758994546,-0.2178208443706001,1.0138583916304613,0.0,0.0,0.0,0.0,0.0,30.0,0.9659258262890683,0.0,0.0,0.25881904510252074,3.308434044008612,1.1764147354243524,4.080513052902148
1.68,0.36656465022545265,-0.21091526775267383,0.9912982762979574,0.0,0.0,0.0,0.0,0.0,30.0,0.9659258262890683,0.0,0.0,0.25881904510252074,3.3491261256793794,1.2097025362727925,4.05796404132775
1.69,0.3374401909964562,-0.20969165282679578,0.9996909674741371,0.0,0.0,0.0,0.0,0.0,30.0,0.9659258262890683,0.0,0.0,0.25881904510252074,3.389593324835167,1.2433961335253652,4.035536222512519
1.7,0.3535677626429877,-0.2055556502796873,0.9887819037277307,0.0,0.0,0.0,0.0,0.0,30.0,0.9659258262890683,0.0,0.0,0.25881904510252074,3.4298368501296297,1.2774932844001892,4.013228943420842
1.71,0.351786198731186,-0.20387322278555722,1.0129056203780318,0.0,0.0,0.0,0.0,0.0,30.0,0.9659258262890683,0.0,0.0,0.25881904510252074,3.4698579037035837,1.3119917581693552,3.991041554511611
1.72,0.36916743394164314,-0.20373121700767274,0.9923369404882412,0.0,0.0,0.0,0.0,0.0,30.0,0.9659258262890683,0.0,0.0,0.25881904510252074,3.5096576812198617,1.3468893360939724,3.968973409720121
1.73,0.347911913614916,-0.2073184242334998,0.9925756618425374,0.0,0.0,0.0,0.0,0.0,30.0,0.9659258262890683,0.0,0.0,0.25881904510252074,3.549237371897986,1.3821838113595617,3.947023866439423
1.74,0.346047286163991,-0.2105621549406454,1.00606106751155,0.0,0.0,0.0,0.0,0.0,30.0,0.9659258262890683,0.0,0.0,0.25881904510252074,3.5885981585486504,1.417872989011795,3.9251922855021633
1.75,0.34367704607553984,-0.19652190870035294,0.9981705996402932,0.0,0.0,0.0,0.0,0.0,30.0,0.9659258262890683,0.0,0.0,0.25881904510252074,3.6277412176080293,1.4539546858925783,3.9034780311619954
1.76,0.33553637625026506,-0.20740041825739589,0.9976272399567545,0.0,0.0,0.0,0.0,0.0,30.0,0.9659258262890683,0.0,0.0,0.25881904510252074,3.6666677191718904,1.4904267305764778,3.8818804710755614
1.77,0.33542428623183046,-0.19448655790193495,0.9999556829680236,0.0,0.0,0.0,0.0,0.0,30.0,0.9659258262890683,0.0,0.0,0.25881904510252074,3.705378827029541,1.527286963307485,3.860398976284415
1.78,0.3254019854921174,-0.19506499260074942,0.9865713958285924,0.0,0.0,0.0,0.0,0.0,30.0,0.9659258262890683,0.0,0.0,0.25881904510252074,3.7438756986975785,1.5645332359361206,3.8390329211970595
1.79,0.3309835796130645,-0.19759623010955654,0.9792472672208868,0.0,0.0,0.0,0.0,0.0,30.0,0.9659258262890683,0.0,0.0,0.25881904510252074,3.782159485453482,1.602163411856876,3.8177816835710416
1.8,0.33619681811937424,-0.19206517144822483,0.9984197580657533,0.0,0.0,0.0,0.0,0.0,30.0,0.9659258262890683,0.0,0.0,0.25881904510252074,3.8202313323689996,1.6401753659459883,3.7966446444949895
1.81,0.3291819892007344,-0.19623914359333466,0.9902346053138894,0.0,0.0,0.0,0.0,0.0,30.0,0.9659258262890683,0.0,0.0,0.25881904510252074,3.858092378343382,1.6785669844995503,3.7756211883711615
1.82,0.32888155295260707,-0.19696308697447315,1.000916853926874,0.0,0.0,0.0,0.0,0.0,30.0,0.9659258262890683,0.0,0.0,0.25881904510252074,3.8957437561364228,1.7173361651719494,3.754710702897654
1.83,0.3177005131358024,-0.18802066064492295,1.0014321889347768,0.0,0.0,0.0,0.0,0.0,30.0,0.9659258262890683,0.0,0.0,0.25881904510252074,3.933186592401335,1.7564808169146382,3.7339125790511503
1.84,0.32649943225281575,-0.19371389672494232,1.0055233989247012,0.0,0.0,0.0,0.0,0.0,30.0,0.9659258262890683,0.0,0.0,0.25881904510252074,3.970422007717446,1.7959988599152321,3.7132262110689283
1.85,0.30945204600356513,-0.18366827111509704,1.0024303746619037,0.0,0.0,0.0,0.0,0.0,30.0,0.9659258262890683,0.0,0.0,0.25881904510252074,4.007451116622714,1.8358882255369329,3.6926509964321497
1.86,0.327124591523776,-0.18339627126270347,0.9934635559340714,0.0,0.0,0.0,0.0,0.0,30.0,0.9659258262890683,0.0,0.0,0.25881904510252074,4.044275027646089,1.8761468562582768,3.67218633584838
1.87,0.3198987039322435,-0.17982101286157257,1.004306392440831,0.0,0.0,0.0,0.0,0.0,30.0,0.9659258262890683,0.0,0.0,0.25881904510252074,4.080894843339681,1.9167727056132058,3.6518316332343375
1.8800000000000001,0.3227725661181904,-0.20030257367882728,1.005378871148832,0.0,0.0,0.0,0.0,0.0,30.0,0.9659258262890683,0.0,0.0,0.25881904510252074,4.117311660310776,1.957763738131458,3.631586295698895
1.8900000000000001,0.33062188828605327,-0.17403597735113985,1.002338780487691,0.0,0.0,0.0,0.0,0.0,30.0,0.9659258262890683,0.0,0.0,0.25881904510252074,4.15352656925366,1.9991179292792802,3.6114497335260864
1.9000000000000001,0.30158168638739813,-0.1736860812871634,0.9985274536328024,0.0,0.0,0.0,0.0,0.0,30.0,0.9659258262890683,0.0,0.0,0.25881904510252074,4.189540654981298,2.040833265400455,3.591421360158506
1.9100000000000001,0.2900740726335612,-0.17832377889424034,0.9850782821692047,0.0,0.0,0.0,0.0,0.0,30.0,0.9659258262890683,0.0,0.0,0.25881904510252074,4.225354996456829,2.0829077436576457,3.57150059218003
1.92,0.30068511139099596,-0.18743522210628238,1.0127259117788288,0.0,0.0,0.0,0.0,0.0,30.0,0.9659258262890683,0.0,0.0,0.25881904510252074,4.260970666824897,2.1253393719740536,3.5516868492991875
1.93,0.30820071214679795,-0.17737092489564713,1.0174796796375223,0.0,0.0,0.0,0.0,0.0,30.0,0.9659258262890683,0.0,0.0,0.25881904510252074,4.296388733442813,2.1681261689753923,3.531979554333361
1.94,0.3261184615296581,-0.1801149805844724,0.9975847897793948,0.0,0.0,0.0,0.0,0.0,30.0,0.9659258262890683,0.0,0.0,0.25881904510252074,4.3316102579115645,2.2112661639321645,3.512378133190964
1.95,0.2958477550691685,-0.18503200177019577,1.0042535834761277,0.0,0.0,0.0,0.0,0.0,30.0,0.9659258262890683,0.0,0.0,0.25881904510252074,4.366636296106632,2.2547573967022556,3.4928820148559225
1.96,0.3107013156712723,-0.1759963533100662,1.0099480165756394,0.0,0.0,0.0,0.0,0.0,30.0,0.9659258262890683,0.0,0.0,0.25881904510252074,4.401467898208683,2.298597917673832,3.4734906313711633
1.97,0.297317073814466,-0.17667612660567,1.007312429884948,0.0,0.0,0.0,0.0,0.0,30.0,0.9659258262890683,0.0,0.0,0.25881904510252074,4.436106108734055,2.3427857877085456,3.4542034178218444
1.98,0.3091881085268803,-0.16442781196883427,1.0039702040676506,0.0,0.0,0.0,0.0,0.0,30.0,0.9659258262890683,0.0,0.0,0.25881904510252074,4.47055196656512,2.3873190780850417,3.435019812320064
1.99,0.298567619702092,-0.17054250949130248,0.989974048036159,0.0,0.0,0.0,0.0,0.0,30.0,0.9659258262890683,0.0,0.0,0.25881904510252074,4.504806504980457,2.4321958704427695,3.4159392559878086
2.0,0.2835910989196614,-0.16739010235599516,0.9994485966717899,0.0,0.0,0.0,0.0,0.0,30.0,0.9659258262890683,0.0,0.0,0.25881904510252074,4.538870751684876,2.4774142567260964,3.3969611929415464
2.0100000000000002,0.3014028378328203,-0.18921124938738476,0.9963488597527458,0.0,0.0,0.0,0.0,0.0,30.0,0.9659258262890683,0.0,0.0,0.25881904510252074,4.572745728839289,2.522972339128718,3.378085070276285
2.02,0.29066217355599394,-0.17991928195404358,0.9774498499353754,0.0,0.0,0.0,0.0,0.0,30.0,0.9659258262890683,0.0,0.0,0.25881904510252074,4.6064324530904015,2.568868230038366,3.359310338049596
2.0300000000000002,0.291662918482479,-0.16135201456739212,1.0038099772186373,0.0,0.0,0.0,0.0,0.0,30.0,0.9659258262890683,0.0,0.0,0.25881904510252074,4.639931935600281,2.61510005198182,3.3406364492655314
2.04,0.28736195325726355,-0.1695268276530322,1.00756800080238,0.0,0.0,0.0,0.0,0.0,30.0,0.9659258262890683,0.0,0.0,0.25881904510252074,4.673245182075712,2.661665937570199,3.3220628598595283
2.05,0.2641358164281046,-0.1696815301462466,1.0054320014718143,0.0,0.0,0.0,0.0,0.0,30.0,0.9659258262890683,0.0,0.0,0.25881904510252074,4.70637319279747,2.708564029444564,3.303589028682552
2.06,0.29693861912556896,-0.15049201816083368,1.0113504567909648,0.0,0.0,0.0,0.0,0.0,30.0,0.9659258262890683,0.0,0.0,0.25881904510252074,4.739316962649363,2.7557924802217992,3.2852144174853777
2.07,0.29162901387908907,-0.1635477472376487,1.007869453479946,0.0,0.0,0.0,0.0,0.0,30.0,0.9659258262890683,0.0,0.0,0.25881904510252074,4.772077481147178,2.8033494524407807,3.2669384909036125
2.08,0.28150483605774534,-0.1660425792815098,1.0090623900307853,0.0,0.0,0.0,0.0,0.0,30.0,0.9659258262890683,0.0,0.0,0.25881904510252074,4.8046557324674355,2.851233118508855,3.248760716441865
2.09,0.30487589967019785,-0.16631154058389921,0.9995159931067014,0.0,0.0,0.0,0.0,0.0,30.0,0.9659258262890683,0.0,0.0,0.25881904510252074,4.837052695476015,2.899441660648571,3.2306805644591066
2.1,0.28569816549577426,-0.15036994988276567,0.9996968669641084,0.0,0.0,0.0,0.0,0.0,30.0,0.9659258262890683,0.0,0.0,0.25881904510252074,4.869269343756618,2.9479732708447353,3.21269750815253
2.11,0.2968273982072741,-0.17255660207968518,0.9981396370426301,0.0,0.0,0.0,0.0,0.0,30.0,0.9659258262890683,0.0,0.0,0.25881904510252074,4.901306645639067,2.9968261507917124,3.1948110235435365
2.12,0.2785810827838299,-0.15411791296098334,1.0104526037697827,0.0,0.0,0.0,0.0,0.0,30.0,0.9659258262890683,0.0,0.0,0.25881904510252074,4.9331655642274885,3.0459985118410464,3.1770205894618186
2.13,0.2639056537232657,-0.17023195754076706,1.0033685247877646,0.0,0.0,0.0,0.0,0.0,30.0,0.9659258262890683,0.0,0.0,0.25881904510252074,4.964847057428304,3.095488574949324,3.159325687531094
2.14,0.2708589147125284,-0.17540771461582128,1.0103847997202349,0.0,0.0,0.0,0.0,0.0,30.0,0.9659258262890683,0.0,0.0,0.25881904510252074,4.99635207797811,3.1452945706263575,3.1417258021533883
2.15,0.2808396515047151,-0.15435913581618313,0.995245542835539,0.0,0.0,0.0,0.0,0.0,30.0,0.9659258262890683,0.0,0.0,0.25881904510252074,5.027681573471372,3.195414738883604,3.124220420495334
2.16,0.2846517352559601,-0.16080277701621024,1.0109643527782295,0.0,0.0,0.0,0.0,0.0,30.0,0.9659258262890683,0.0,0.0,0.25881904510252074,5.058836486388016,3.245847329182902,3.106809032472796
2.17,0.2637163550712224,-0.1660615642699904,1.0020466321059769,0.0,0.0,0.0,0.0,0.0,30.0,0.9659258262890683,0.0,0.0,0.25881904510252074,5.089817754120828,3.2965906003854455,3.089491130736036
2.18,0.26428855218046243,-0.1498874726258027,1.0026008774412907,0.0,0.0,0.0,0.0,0.0,30.0,0.9659258262890683,0.0,0.0,0.25881904510252074,5.120626309002737,3.3476428207010644,3.0722662106556413
2.19,0.26056919540411044,-0.15503981591051172,0.9964872231181263,0.0,0.0,0.0,0.0,0.0,30.0,0.9659258262890683,0.0,0.0,0.25881904510252074,5.15126307833394,3.399002267637747,3.0551337703078048
2.2,0.2774523926181377,-0.16122518009258888,0.9956082690452713,0.0,0.0,0.0,0.0,0.0,30.0,0.9659258262890683,0.0,0.0,0.25881904510252074,5.181728984408894,3.4506672279514623,3.038093310460283
2.21,0.2789096690722389,-0.13164955909230705,1.0199900866422793,0.0,0.0,0.0,0.0,0.0,30.0,0.9659258262890683,0.0,0.0,0.25881904510252074,5.212024944543146,3.5026359975962214,3.021144334557448
2.22,0.26594080115998237,-0.15098742783952596,1.0153345866228267,0.0,0.0,0.0,0.0,0.0,30.0,0.9659258262890683,0.0,0.0,0.25881904510252074,5.242151871100043,3.5549068816744387,3.004286348706387
2.23,0.2625834859568323,-0.16208456236212004,1.001168755974363,0.0,0.0,0.0,0.0,0.0,30.0,0.9659258262890683,0.0,0.0,0.25881904510252074,5.272110671517274,3.6074781943875243,2.9875188616628066
2.24,0.2668702136023479,-0.15976225249235235,0.9835376885850086,0.0,0.0,0.0,0.0,0.0,30.0,0.9659258262890683,0.0,0.0,0.25881904510252074,5.3019022483333,3.660348258986778,2.9708413848167083
2.25,0.24652286831333287,-0.14397071326018296,0.9924162348368816,0.0,0.0,0.0,0.0,0.0,30.0,0.9659258262890683,0.0,0.0,0.25881904510252074,5.331527499213609,3.7135154077245116,2.9542534321785183
2.2600000000000002,0.25801967339353277,-0.1476582088648934,1.0061914087909472,0.0,0.0,0.0,0.0,0.0,30.0,0.9659258262890683,0.0,0.0,0.25881904510252074,5.360987316976869,3.766977981805465,2.937754520365047
2.27,0.25463491792639564,-0.14395994361497258,0.9910993970787916,0.0,0.0,0.0,0.0,0.0,30.0,0.9659258262890683,0.0,0.0,0.25881904510252074,5.3902825896209094,3.820734331338453,2.921344168585904
2.2800000000000002,0.2529253857600469,-0.15835905233228034,1.0113176721636192,0.0,0.0,0.0,0.0,0.0,30.0,0.9659258262890683,0.0,0.0,0.25881904510252074,5.419414200348587,3.8747828152883015,2.9050218986291156
2.29,0.25483801034207304,-0.15468023383719745,0.9964762820193486,0.0,0.0,0.0,0.0,0.0,30.0,0.9659258262890683,0.0,0.0,0.25881904510252074,5.448383027593491,3.929121801428011,2.8887872348477117
2.3000000000000003,0.25146556914499013,-0.1394586661048583,0.9840436382181476,0.0,0.0,0.0,0.0,0.0,30.0,0.9659258262890683,0.0,0.0,0.25881904510252074,5.4771899450455415,3.9837496662912075,2.8726397041463656
2.31,0.24189246003405354,-0.14942606014985144,1.025323058327678,0.0,0.0,0.0,0.0,0.0,30.0,0.9659258262890683,0.0,0.0,0.25881904510252074,5.505835821676418,4.0386647951248165,2.8565788359673547
2.32,0.26041058371025916,-0.14594502273763318,1.0071199958241084,0.0,0.0,0.0,0.0,0.0,30.0,0.9659258262890683,0.0,0.0,0.25881904510252074,5.534321521764887,4.093865581842022,2.8406041622770317
2.33,0.27002500354211395,-0.14635783448695755,0.9963358665590243,0.0,0.0,0.0,0.0,0.0,30.0,0.9659258262890683,0.0,0.0,0.25881904510252074,5.56264790492196,4.149350428975457,2.824715217552807
2.34,0.26017445417538115,-0.1382728768638729,1.0067133315532255,0.0,0.0,0.0,0.0,0.0,30.0,0.9659258262890683,0.0,0.0,0.25881904510252074,5.590815826115943,4.205117747630645,2.8089115387695074
2.35,0.24158466081379057,-0.12317116101982734,1.0170959080159367,0.0,0.0,0.0,0.0,0.0,30.0,0.9659258262890683,0.0,0.0,0.25881904510252074,5.61882613569735,4.2611659574397125,2.793192665385959
2.36,0.2509456774726403,-0.13477315497679992,0.9797273912775696,0.0,0.0,0.0,0.0,0.0,30.0,0.9659258262890683,0.0,0.0,0.25881904510252074,5.646679679423662,4.317493486515317,2.777558139331802
2.37,0.2502900207749566,-0.14276427753274665,1.0043390570582822,0.0,0.0,0.0,0.0,0.0,30.0,0.9659258262890683,0.0,0.0,0.25881904510252074,5.674377298483987,4.3740987714048565,2.762007504994756
2.38,0.24937160867397348,-0.14344750182584792,0.9830951819981291,0.0,0.0,0.0,0.0,0.0,30.0,0.9659258262890683,0.0,0.0,0.25881904510252074,5.701919829523558,4.430980257044893,2.746540309206523
2.39,0.2448671805767443,-0.1466640443543557,0.9966980590727567,0.0,0.0,0.0,0.0,0.0,30.0,0.9659258262890683,0.0,0.0,0.25881904510252074,5.729308104668118,4.488136396715853,2.7311561012311927
2.4,0.23379204591957536,-0.14188578241076763,0.9769047904273407,0.0,0.0,0.0,0.0,0.0,30.0,0.9659258262890683,0.0,0.0,0.25881904510252074,5.756542951548182,4.545565651996934,2.7158544327511436
2.41,0.2506625747528778,-0.13516059647110734,1.0111139926291886,0.0,0.0,0.0,0.0,0.0,30.0,0.9659258262890683,0.0,0.0,0.25881904510252074,5.783625193323141,4.603266492721292,2.700634857854368
2.42,0.2569546914170818,-0.1366963068996254,0.9819756374415942,0.0,0.0,0.0,0.0,0.0,30.0,0.9659258262890683,0.0,0.0,0.25881904510252074,5.810555648705269,4.6612373969314325,2.685496933022023
2.43,0.2268877458150164,-0.14822360406801136,0.99498125356855,0.0,0.0,0.0,0.0,0.0,30.0,0.9659258262890683,0.0,0.0,0.25881904510252074,5.837335131983582,4.719476850834878,2.670440217115413
2.44,0.2353005681128336,-0.1554128711948807,1.0034247549334157,0.0,0.0,0.0,0.0,0.0,30.0,0.9659258262890683,0.0,0.0,0.25881904510252074,5.863964453047577,4.777983348760033,2.655464271363485
2.45,0.2180850900862774,-0.13165788104302537,0.9989050885482301,0.0,0.0,0.0,0.0,0.0,30.0,0.9659258262890683,0.0,0.0,0.25881904510252074,5.890444417410851,4.836755393112327,2.640568659349924
2.46,0.22874396845468012,-0.13460657312596702,0.994602219842683,0.0,0.0,0.0,0.0,0.0,30.0,0.9659258262890683,0.0,0.0,0.25881904510252074,5.916775826234575,4.8957914943305525,2.625752947000592
2.47,0.22445420845323616,-0.1499523671071127,0.9997037268515067,0.0,0.0,0.0,0.0,0.0,30.0,0.9659258262890683,0.0,0.0,0.25881904510252074,5.942959476350864,4.955090170843481,2.6110167025716464
2.48,0.2477398819247093,-0.11257254304312192,1.0132181759654495,0.0,0.0,0.0,0.0,0.0,30.0,0.9659258262890683,0.0,0.0,0.25881904510252074,5.968996160286007,5.014649949026664,2.59635949663641
2.49,0.2350551249296248,-0.13839899345085868,1.0144275078821627,0.0,0.0,0.0,0.0,0.0,30.0,0.9659258262890683,0.0,0.0,0.25881904510252074,5.994886666283593,5.074469363159513,2.5817809020735467
2.5,0.2261553021341164,-0.13158363225007844,0.9970877286816073,0.0,0.0,0.0,0.0,0.0,30.0,0.9659258262890683,0.0,0.0,0.25881904510252074,6.020631778327478,5.134546955382567,2.5672804940541027
2.5100000000000002,0.22636253276569981,-0.13451167597106878,0.999162178306269,0.0,0.0,0.0,0.0,0.0,30.0,0.9659258262890683,0.0,0.0,0.25881904510252074,6.046232276164675,5.194881275655029,2.5528578500301933
2.52,0.21333008900989586,-0.13316475723738047,1.0228055646994982,0.0,0.0,0.0,0.0,0.0,30.0,0.9659258262890683,0.0,0.0,0.25881904510252074,6.071688935328082,5.255470881712491,2.538512549722043
2.5300000000000002,0.22222009944822615,-0.1310872411912746,1.0053237427910506,0.0,0.0,0.0,0.0,0.0,30.0,0.9659258262890683,0.0,0.0,0.25881904510252074,6.097002527159116,5.316314339024928,2.524244175106446
2.54,0.228743974167116,-0.1391147404088145,0.9979284121719675,0.0,0.0,0.0,0.0,0.0,30.0,0.9659258262890683,0.0,0.0,0.25881904510252074,6.12217381883021,5.377410220754873,2.5100523104042054
2.5500000000000003,0.22959895065294575,-0.12455897163487258,1.0012195404350177,0.0,0.0,0.0,0.0,0.0,30.0,0.9659258262890683,0.0,0.0,0.25881904510252074,6.147203573367201,5.438757107715862,2.495936542069046
2.56,0.2347164889702256,-0.1333192304936331,1.0008274589510764,0.0,0.0,0.0,0.0,0.0,30.0,0.9659258262890683,0.0,0.0,0.25881904510252074,6.17209254967159,5.500353588331055,2.481896458774372
2.57,0.21274249328998962,-0.11092641358207933,0.9804813960072346,0.0,0.0,0.0,0.0,0.0,30.0,0.9659258262890683,0.0,0.0,0.25881904510252074,6.1968415025426875,5.562198258592125,2.4679316514028073
2.58,0.21001504232879215,-0.13041287576550534,1.0066353962317158,0.0,0.0,0.0,0.0,0.0,30.0,0.9659258262890683,0.0,0.0,0.25881904510252074,6.221451182699647,5.6242897220183385,2.4540417130336323
2.59,0.22155916932626973,-0.11046497035621532,0.9842596715766269,0.0,0.0,0.0,0.0,0.0,30.0,0.9659258262890683,0.0,0.0,0.25881904510252074,6.24592233680336,5.6866265896158525,2.4402262389309612
2.6,0.22178766032724137,-0.12664909455091478,0.9933437476274182,0.0,0.0,0.0,0.0,0.0,30.0,0.9659258262890683,0.0,0.0,0.25881904510252074,6.270255707478266,5.7492074798372625,2.426484826532999
2.61,0.21847159627328283,-0.13222083036613477,0.9792308670468567,0.0,0.0,0.0,0.0,0.0,30.0,0.9659258262890683,0.0,0.0,0.25881904510252074,6.29445203333402,5.812031018541322,2.4128170754394205
2.62,0.2081731966143484,-0.13730401706216255,0.9935108417892932,0.0,0.0,0.0,0.0,0.0,30.0,0.9659258262890683,0.0,0.0,0.25881904510252074,6.318512048987054,5.875095838952929,2.3992225874002315
2.63,0.21439683458591782,-0.11851690027673785,1.0158689944897856,0.0,0.0,0.0,0.0,0.0,30.0,0.9659258262890683,0.0,0.0,0.25881904510252074,6.3424364850820245,5.938400581623274,2.3857009663042845
2.64,0.20749704501193048,-0.13628449791809658,0.9924390314336433,0.0,0.0,0.0,0.0,0.0,30.0,0.9659258262890683,0.0,0.0,0.25881904510252074,6.366226068313138,6.0019438943902506,2.372251818168081
2.65,0.19911842125038295,-0.13244739298987107,1.0043536719501545,0.0,0.0,0.0,0.0,0.0,30.0,0.9659258262890683,0.0,0.0,0.25881904510252074,6.3898815214453855,6.065724432339042,2.358874751124347
2.66,0.20068494219464025,-0.1393644842053909,1.0069692280311922,0.0,0.0,0.0,0.0,0.0,30.0,0.9659258262890683,0.0,0.0,0.25881904510252074,6.413403563335625,6.129740857762949,2.345569375410321
2.67,0.2048542987922102,-0.11534763336318611,1.0010572154469999,0.0,0.0,0.0,0.0,0.0,30.0,0.9659258262890683,0.0,0.0,0.25881904510252074,6.436792908953592,6.193991840124394,2.332335303357297
2.68,0.21112267350191613,-0.11786468460025468,1.0123620248347822,0.0,0.0,0.0,0.0,0.0,30.0,0.9659258262890683,0.0,0.0,0.25881904510252074,6.460050269402771,6.2584760560161765,2.3191721493785735
2.69,0.20789974464931096,-0.113656658021907,1.0040986691768257,0.0,0.0,0.0,0.0,0.0,30.0,0.9659258262890683,0.0,0.0,0.25881904510252074,6.483176351941164,6.323192189122895,2.3060795299591064
2.7,0.18793352513462933,-0.1185597307721089,0.997406835104505,0.0,0.0,0.0,0.0,0.0,30.0,0.9659258262890683,0.0,0.0,0.25881904510252074,6.506171860001954,6.3881389301826115,2.293057063644085
2.71,0.20343151729904604,-0.12983991136390685,1.0163411477689293,0.0,0.0,0.0,0.0,0.0,30.0,0.9659258262890683,0.0,0.0,0.25881904510252074,6.529037493214045,6.45331497694869,2.2801043710277895
2.72,0.2012622126471951,-0.12770927982255334,0.9829111303642116,0.0,0.0,0.0,0.0,0.0,30.0,0.9659258262890683,0.0,0.0,0.25881904510252074,6.55177394742251,6.518719034151874,2.2672210747432473
2.73,0.19627382423141054,-0.1158395123316393,0.9928170791402562,0.0,0.0,0.0,0.0,0.0,30.0,0.9659258262890683,0.0,0.0,0.25881904510252074,6.57438191470891,6.58434981346253,2.254406799450635
2.74,0.19888226888748142,-0.12070466971814686,1.005516582517063,0.0,0.0,0.0,0.0,0.0,30.0,0.9659258262890683,0.0,0.0,0.25881904510252074,6.596862083411522,6.650206033453133,2.2416611718269337
2.75,0.18959617534960493,-0.11403154926532674,1.0097883917336214,0.0,0.0,0.0,0.0,0.0,30.0,0.9659258262890683,0.0,0.0,0.25881904510252074,6.6192151381454485,6.716286419560917,2.228983820555129
2.7600000000000002,0.22144474215866047,-0.12308007620408748,0.995354922299129,0.0,0.0,0.0,0.0,0.0,30.0,0.9659258262890683,0.0,0.0,0.25881904510252074,6.641441759822625,6.782589704050759,2.2163743763134107
2.77,0.18622212057888243,-0.10452090188958643,0.9885190069428244,0.0,0.0,0.0,0.0,0.0,30.0,0.9659258262890683,0.0,0.0,0.25881904510252074,6.663542625671717,6.849114625978229,2.203832471764599
2.7800000000000002,0.18867526349427305,-0.11202416370678778,0.9902132146052026,0.0,0.0,0.0,0.0,0.0,30.0,0.9659258262890683,0.0,0.0,0.25881904510252074,6.6855184092579165,6.9158599311528794,2.1913577415451186
2.79,0.18284983999460497,-0.11585175193217556,0.9789955975966264,0.0,0.0,0.0,0.0,0.0,30.0,0.9659258262890683,0.0,0.0,0.25881904510252074,6.707369780502619,6.982824372101681,2.1789498222553334
2.8000000000000003,0.17687843286924163,-0.11459662408617781,1.00148230636342,0.0,0.0,0.0,0.0,0.0,30.0,0.9659258262890683,0.0,0.0,0.25881904510252074,6.729097405703023,7.0500067080327105,2.166608352448293
2.81,0.18839157620966518,-0.12758009996505168,0.9953621370824001,0.0,0.0,0.0,0.0,0.0,30.0,0.9659258262890683,0.0,0.0,0.25881904510252074,6.750701947551585,7.1174057047989825,2.1543329726196134
2.82,0.19715531833323413,-0.10365923912517214,0.9992125213847217,0.0,0.0,0.0,0.0,0.0,30.0,0.9659258262890683,0.0,0.0,0.25881904510252074,6.772184065155414,7.1850201348625164,2.142123325197133
2.83,0.17922478245844495,-0.10228654505090035,0.9942107101879005,0.0,0.0,0.0,0.0,0.0,30.0,0.9659258262890683,0.0,0.0,0.25881904510252074,6.793544414055528,7.252848777258572,2.129979054530793
2.84,0.17533927864954,-0.1160047008786237,1.0144834529177416,0.0,0.0,0.0,0.0,0.0,30.0,0.9659258262890683,0.0,0.0,0.25881904510252074,6.814783646246029,7.320890417560078,2.1178998068817236
2.85,0.18817255563399807,-0.09577779507565223,0.9952066368669064,0.0,0.0,0.0,0.0,0.0,30.0,0.9659258262890683,0.0,0.0,0.25881904510252074,6.835902410193164,7.389143847842276,2.105885230412696
2.86,0.19429692143064564,-0.11277601259169345,0.9984257263096716,0.0,0.0,0.0,0.0,0.0,30.0,0.9659258262890683,0.0,0.0,0.25881904510252074,6.856901350854283,7.457607866647512,2.093934975177717
2.87,0.20872925289668245,-0.09848345410580173,0.9949882962467231,0.0,0.0,0.0,0.0,0.0,30.0,0.9659258262890683,0.0,0.0,0.25881904510252074,6.877781109696717,7.526281278950269,2.0820486931121422
2.88,0.18197350106431198,-0.10228991856614751,1.012104575895159,0.0,0.0,0.0,0.0,0.0,30.0,0.9659258262890683,0.0,0.0,0.25881904510252074,6.898542324716525,7.595162896122334,2.0702260380219855
2.89,0.17689189018643256,-0.12236578248409646,0.9972035818687369,0.0,0.0,0.0,0.0,0.0,30.0,0.9659258262890683,0.0,0.0,0.25881904510252074,6.919185630457156,7.664251535898204,2.058466665574599
2.9,0.18090416356992295,-0.10326085986891569,1.0131669013618267,0.0,0.0,0.0,0.0,0.0,30.0,0.9659258262890683,0.0,0.0,0.25881904510252074,6.939711658028018,7.7335460223406285,2.046770233288953
2.91,0.18288979584114032,-0.09563390944547015,0.9889888630607518,0.0,0.0,0.0,0.0,0.0,30.0,0.9659258262890683,0.0,0.0,0.25881904510252074,6.960121035122936,7.8030451858063845,2.0351364005247206
2.92,0.1873800542465737,-0.08221089486374324,1.0077290929025018,0.0,0.0,0.0,0.0,0.0,30.0,0.9659258262890683,0.0,0.0,0.25881904510252074,6.980414386038512,7.87274786291219,2.0235648284732974
2.93,0.18022017935113735,-0.10104638254608089,1.01787142239026,0.0,0.0,0.0,0.0,0.0,30.0,0.9659258262890683,0.0,0.0,0.25881904510252074,7.000592331692402,7.942652896500846,2.0120551801480246
2.94,0.167401828993074,-0.10311359940176096,1.004602075929382,0.0,0.0,0.0,0.0,0.0,30.0,0.9659258262890683,0.0,0.0,0.25881904510252074,7.020655489641473,8.012759135607514,2.0006071203739566
2.95,0.18310808602604725,-0.10579528941628608,1.0030732139472722,0.0,0.0,0.0,0.0,0.0,30.0,0.9659258262890683,0.0,0.0,0.25881904510252074,7.04060447409988,8.083065435426223,1.989220315778141
2.96,0.1718886714192227,-0.09963983980723906,0.9986790845962611,0.0,0.0,0.0,0.0,0.0,30.0,0.9659258262890683,0.0,0.0,0.25881904510252074,7.060439895957036,8.153570657276505,1.9778944347810352
2.97,0.16225711177850619,-0.10048131718563695,1.0087715152206185,0.0,0.0,0.0,0.0,0.0,30.0,0.9659258262890683,0.0,0.0,0.25881904510252074,7.080162362795501,8.22427366857027,1.9666291475856497
2.98,0.16301335003775902,-0.10210980172287998,1.0066478006445714,0.0,0.0,0.0,0.0,0.0,30.0,0.9659258262890683,0.0,0.0,0.25881904510252074,7.09977247890875,8.295173342778789,1.9554241261689072
2.99,0.16100065954163248,-0.09730425982475786,0.9893987018104655,0.0,0.0,0.0,0.0,0.0,30.0,0.9659258262890683,0.0,0.0,0.25881904510252074,7.119270845318878,8.366268559399929,1.9442790442714113
3.0,0.18206665787620535,-0.07543722786561262,1.0202225528424576,0.0,0.0,0.0,0.0,0.0,30.0,0.9659258262890683,0.0,0.0,0.25881904510252074,7.138658059794178,8.437558203925493,1.933193577388863
3.0100000000000002,0.16755482444887448,-0.09060127194530675,1.0012099772850016,0.0,0.0,0.0,0.0,0.0,30.0,0.9659258262890683,0.0,0.0,0.25881904510252074,7.157934716866655,8.509041167808798,1.9221674027621702
3.02,0.16979917629644767,-0.08196652086773797,0.9868082042381585,0.0,0.0,0.0,0.0,0.0,30.0,0.9659258262890683,0.0,0.0,0.25881904510252074,7.17710140784942,8.580716348432377,1.9112001993681247
3.0300000000000002,0.1783677289729143,-0.09737767008959741,1.0140854062060414,0.0,0.0,0.0,0.0,0.0,30.0,0.9659258262890683,0.0,0.0,0.25881904510252074,7.196158720854017,8.652582649075896,1.9002916479104215
3.04,0.16872893385767843,-0.10306142296871727,1.0027714037675137,0.0,0.0,0.0,0.0,0.0,30.0,0.9659258262890683,0.0,0.0,0.25881904510252074,7.215107240807629,8.724638978884203,1.8894414308099385
3.0500000000000003,0.17326321190283378,-0.09542681728734734,1.004880382765566,0.0,0.0,0.0,0.0,0.0,30.0,0.9659258262890683,0.0,0.0,0.25881904510252074,7.233947549470216,8.796884252835593,1.8786492321963806
3.06,0.15973882584830987,-0.11657598614321804,1.0090002358377332,0.0,0.0,0.0,0.0,0.0,30.0,0.9659258262890683,0.0,0.0,0.25881904510252074,7.252680225451556,8.8693173917102,1.8679147378983316
3.0700000000000003,0.17100427989365283,-0.09321098256410974,1.0006841056221032,0.0,0.0,0.0,0.0,0.0,30.0,0.9659258262890683,0.0,0.0,0.25881904510252074,7.2713058442281815,8.941937322058601,1.8572376354342168
3.08,0.1734377859787846,-0.09872236326329929,0.9929346593464149,0.0,0.0,0.0,0.0,0.0,30.0,0.9659258262890683,0.0,0.0,0.25881904510252074,7.28982497816024,9.014742976170542,1.846617614004174
3.09,0.16025648887152488,-0.08172174828293559,0.9861288709573551,0.0,0.0,0.0,0.0,0.0,30.0,0.9659258262890683,0.0,0.0,0.25881904510252074,7.308238196508264,9.087733292043882,1.8360543644798781
3.1,0.1731324331494865,-0.09946955175572636,0.9889925650027599,0.0,0.0,0.0,0.0,0.0,30.0,0.9659258262890683,0.0,0.0,0.25881904510252074,7.326546065449837,9.160907213353674,1.825547579396698
3.11,0.17289185661110676,-0.09351309050015519,0.9869976563561508,0.0,0.0,0.0,0.0,0.0,30.0,0.9659258262890683,0.0,0.0,0.25881904510252074,7.344749148096198,9.234263689421402,1.8150969529440317
3.12,0.15578594519407754,-0.08270367936702505,1.0119207419262177,0.0,0.0,0.0,0.0,0.0,30.0,0.9659258262890683,0.0,0.0,0.25881904510252074,7.3628480045087175,9.307801675184429,1.8047021809564399
3.13,0.15418923229273288,-0.08742384256915482,1.0071408463239444,0.0,0.0,0.0,0.0,0.0,30.0,0.9659258262890683,0.0,0.0,0.25881904510252074,7.380843191715327,9.381520131165548,1.7943629609056302
3.14,0.15110577672188488,-0.0874123529115623,0.9996812208524445,0.0,0.0,0.0,0.0,0.0,30.0,0.9659258262890683,0.0,0.0,0.25881904510252074,7.398735263726829,9.45541802344276,1.784078991890965
3.15,0.15128847289169678,-0.09536265827988626,1.0006703448186722,0.0,0.0,0.0,0.0,0.0,30.0,0.9659258262890683,0.0,0.0,0.25881904510252074,7.416524771553147,9.52949432361916,1.7738499746312186
3.16,0.15604875370632512,-0.09557733030497763,0.9957405489159984,0.0,0.0,0.0,0.0,0.0,30.0,0.9659258262890683,0.0,0.0,0.25881904510252074,7.434212263219454,9.603748008793024,1.7636756114552554
3.17,0.1659898934175773,-0.08726818275307942,1.0088509436658828,0.0,0.0,0.0,0.0,0.0,30.0,0.9659258262890683,0.0,0.0,0.25881904510252074,7.451798283782252,9.678178061528032,1.7535556062946398
3.18,0.16598581990293537,-0.08300481131495352,1.0227088631338244,0.0,0.0,0.0,0.0,0.0,30.0,0.9659258262890683,0.0,0.0,0.25881904510252074,7.469283375345346,9.75278346982367,1.7434896646734614
3.19,0.14483038230211318,-0.0802986593271602,0.9968185602696892,0.0,0.0,0.0,0.0,0.0,30.0,0.9659258262890683,0.0,0.0,0.25881904510252074,7.486668077075723,9.827563227085774,1.7334774937014004
3.2,0.17076180305050137,-0.07087060207793845,0.9804578881799326,0.0,0.0,0.0,0.0,0.0,30.0,0.9659258262890683,0.0,0.0,0.25881904510252074,7.503952925219374,9.902516332097251,1.7235188020642909
3.21,0.14164055296204078,-0.08072683413208802,1.0078986720988448,0.0,0.0,0.0,0.0,0.0,30.0,0.9659258262890683,0.0,0.0,0.25881904510252074,7.521138453117008,9.977641788988931,1.7136133000157088
3.22,0.15782477424270663,-0.08757627369080195,1.0045512082456347,0.0,0.0,0.0,0.0,0.0,30.0,0.9659258262890683,0.0,0.0,0.25881904510252074,7.538225191219688,10.052938607210617,1.7037606993691838
3.23,0.15612390954371957,-0.0871466728799982,1.0102730196836163,0.0,0.0,0.0,0.0,0.0,30.0,0.9659258262890683,0.0,0.0,0.25881904510252074,7.555213667104391,10.128405801502236,1.6939607134891048
3.24,0.1261379070338104,-0.07953303283534975,0.9896594738771428,0.0,0.0,0.0,0.0,0.0,30.0,0.9659258262890683,0.0,0.0,0.25881904510252074,7.572104405489471,10.204042391865206,1.6842130572833867
3.25,0.1574634381369508,-0.08766347373983203,0.9911121272891598,0.0,0.0,0.0,0.0,0.0,30.0,0.9659258262890683,0.0,0.0,0.25881904510252074,7.588897928250058,10.279847403533902,1.6745174471942619
3.2600000000000002,0.15076403344416411,-0.09399826516309082,0.9908723210244461,0.0,0.0,0.0,0.0,0.0,30.0,0.9659258262890683,0.0,0.0,0.25881904510252074,7.605594754433356,10.35581986694732,1.6648736011902656
3.27,0.1305049666516917,-0.08466293335800744,1.0049682352169083,0.0,0.0,0.0,0.0,0.0,30.0,0.9659258262890683,0.0,0.0,0.25881904510252074,7.622195400273863,10.431958817720854,1.6552812387587892
3.2800000000000002,0.15556559028335182,-0.08532667075981774,1.0104785520844766,0.0,0.0,0.0,0.0,0.0,30.0,0.9659258262890683,0.0,0.0,0.25881904510252074,7.638700379208532,10.508263296618269,1.6457400808972693
3.29,0.14467685775443384,-0.08435840984153724,1.005735629478578,0.0,0.0,0.0,0.0,0.0,30.0,0.9659258262890683,0.0,0.0,0.25881904510252074,7.655110201891809,10.584732349523769,1.6362498501050595
3.3000000000000003,0.15424756634153017,-0.08635858495166739,0.9975623837804404,0.0,0.0,0.0,0.0,0.0,30.0,0.9659258262890683,0.0,0.0,0.25881904510252074,7.671425376210634,10.661365027414282,1.626810270376211
3.31,0.14122616386367545,-0.08163783300136879,0.9909959179039485,0.0,0.0,0.0,0.0,0.0,30.0,0.9659258262890683,0.0,0.0,0.25881904510252074,7.687646407299332,10.738160386331831,1.6174210671900369
3.3200000000000003,0.15228980248263785,-0.08599345902089085,1.0046244345677786,0.0,0.0,0.0,0.0,0.0,30.0,0.9659258262890683,0.0,0.0,0.25881904510252074,7.703773797554435,10.815117487356101,1.6080819675048588
3.33,0.13293468078942539,-0.07792770232814411,1.0039159301575034,0.0,0.0,0.0,0.0,0.0,30.0,0.9659258262890683,0.0,0.0,0.25881904510252074,7.71980804664943,10.892235396577119,1.5987926997488557
3.34,0.13616663387840341,-0.0608357536289451,1.003710399612419,0.0,0.0,0.0,0.0,0.0,30.0,0.9659258262890683,0.0,0.0,0.25881904510252074,7.735749651549412,10.969513185068111,1.5895529938126174
3.35,0.15733113169100718,-0.07098467807461194,0.9933772519294394,0.0,0.0,0.0,0.0,0.0,30.0,0.9659258262890683,0.0,0.0,0.25881904510252074,7.751599106525682,11.046949928858488,1.5803625810416975
3.36,0.13493269830250226,-0.07574896562286805,1.0006117253183875,0.0,0.0,0.0,0.0,0.0,30.0,0.9659258262890683,0.0,0.0,0.25881904510252074,7.7673569031702465,11.124544708906967,1.5712211942279737
3.37,0.13844620788745904,-0.0825084409007634,0.98191523644259,0.0,0.0,0.0,0.0,0.0,30.0,0.9659258262890683,0.0,0.0,0.25881904510252074,7.783023530410242,11.202296611074871,1.562128567602599
3.38,0.13489858271575583,-0.10136648365709887,1.0037181956878494,0.0,0.0,0.0,0.0,0.0,30.0,0.9659258262890683,0.0,0.0,0.25881904510252074,7.798599474522298,11.280204726099532,1.5530844368282146
3.39,0.1290979034071843,-0.08588077313586168,0.9978069620437002,0.0,0.0,0.0,0.0,0.0,30.0,0.9659258262890683,0.0,0.0,0.25881904510252074,7.814085219146807,11.358268149567879,1.544088538991275
3.4,0.13829501323445445,-0.09259045037050982,0.982513988104466,0.0,0.0,0.0,0.0,0.0,30.0,0.9659258262890683,0.0,0.0,0.25881904510252074,7.829481245302123,11.436485981890122,1.5351406125940343
3.41,0.12412165293658989,-0.09823387915603159,0.990331503901107,0.0,0.0,0.0,0.0,0.0,30.0,0.9659258262890683,0.0,0.0,0.25881904510252074,7.8447880313986875,11.514857328273628,1.5262403975473262
3.42,0.14990935438220868,-0.08793109781236526,1.0065140517490019,0.0,0.0,0.0,0.0,0.0,30.0,0.9659258262890683,0.0,0.0,0.25881904510252074,7.860006053253069,11.593381298696885,1.5173876351629474
3.43,0.11950655624337013,-0.0739250781491273,0.9968026618778733,0.0,0.0,0.0,0.0,0.0,30.0,0.9659258262890683,0.0,0.0,0.25881904510252074,7.875135784101947,11.672057007883662,1.5085820681467794
3.44,0.13185130194407393,-0.07078193800503023,1.0175624012531619,0.0,0.0,0.0,0.0,0.0,30.0,0.9659258262890683,0.0,0.0,0.25881904510252074,7.890177694616005,11.75088357527725,1.4998234405901485
3.45,0.13362714151793992,-0.07478193897757017,0.9902663228251768,0.0,0.0,0.0,0.0,0.0,30.0,0.9659258262890683,0.0,0.0,0.25881904510252074,7.905132252913751,11.8298601250149,1.4911114979629474
3.46,0.13674822318349772,-0.07804443370129707,1.0083200704290842,0.0,0.0,0.0,0.0,0.0,30.0,0.9659258262890683,0.0,0.0,0.25881904510252074,7.919999924575265,11.908985785902344,1.4824459871068143
3.47,0.1297165888902509,-0.05773568978557607,0.9801708349686254,0.0,0.0,0.0,0.0,0.0,30.0,0.9659258262890683,0.0,0.0,0.25881904510252074,7.934781172655887,11.988259691388501,1.4738266562267768
3.48,0.12643054259665618,-0.06589230861822731,0.9964930780291501,0.0,0.0,0.0,0.0,0.0,30.0,0.9659258262890683,0.0,0.0,0.25881904510252074,7.949476457699801,12.067680979540278,1.4652532548848853
3.49,0.12072172235241076,-0.07693113830094615,0.9862007125239266,0.0,0.0,0.0,0.0,0.0,30.0,0.9659258262890683,0.0,0.0,0.25881904510252074,7.964086237753585,12.147248793017546,1.4567255339924259
3.5,0.12908391976624906,-0.049435237502301596,1.0114503149822673,0.0,0.0,0.0,0.0,0.0,30.0,0.9659258262890683,0.0,0.0,0.25881904510252074,7.978610968379649,12.22696227904821,1.448243245802587
3.5100000000000002,0.116059210393134,-0.0821430942474976,0.9959527219097755,0.0,0.0,0.0,0.0,0.0,30.0,0.9659258262890683,0.0,0.0,0.25881904510252074,7.993051102669638,12.30682058940346,1.4398061439041498
3.52,0.13645235090322563,-0.08119667239997057,0.9930976858105247,0.0,0.0,0.0,0.0,0.0,30.0,0.9659258262890683,0.0,0.0,0.25881904510252074,8.00740709125773,12.386822880373094,1.4314139832129626
3.5300000000000002,0.13451851936057535,-0.0639096744230146,0.9962618533961056,0.0,0.0,0.0,0.0,0.0,30.0,0.9659258262890683,0.0,0.0,0.25881904510252074,8.021679382333897,12.466968312741054,1.4230665199659143
3.54,0.1137601521024535,-0.08763031275381582,0.993010098730899,0.0,0.0,0.0,0.0,0.0,30.0,0.9659258262890683,0.0,0.0,0.25881904510252074,8.03586842165705,12.547256051761007,1.4147635117134314
3.5500000000000003,0.10190316297014729,-0.06421358437460674,0.9936996930019544,0.0,0.0,0.0,0.0,0.0,30.0,0.9659258262890683,0.0,0.0,0.25881904510252074,8.049974652568165,12.627685267132135,1.406504717313112
3.56,0.12829593772731546,-0.05260969504067577,1.0117299570713287,0.0,0.0,0.0,0.0,0.0,30.0,0.9659258262890683,0.0,0.0,0.25881904510252074,8.063998516003311,12.70825513297499,1.3982898969211988
3.5700000000000003,0.11125006407632686,-0.06218384466268599,1.0115785702751645,0.0,0.0,0.0,0.0,0.0,30.0,0.9659258262890683,0.0,0.0,0.25881904510252074,8.07794045050659,12.788964827807542,1.3901188119872927
3.58,0.1145800999718393,-0.07999491215957778,0.9989030810266146,0.0,0.0,0.0,0.0,0.0,30.0,0.9659258262890683,0.0,0.0,0.25881904510252074,8.091800892243057,12.869813534521288,1.3819912252465656
3.59,0.10531550484075847,-0.055342407595934895,0.9759463620696951,0.0,0.0,0.0,0.0,0.0,30.0,0.9659258262890683,0.0,0.0,0.25881904510252074,8.105580275011521,12.95080044035756,1.3739069007127114
3.6,0.10955153712016652,-0.0723354166807546,0.9977291290866932,0.0,0.0,0.0,0.0,0.0,30.0,0.9659258262890683,0.0,0.0,0.25881904510252074,8.119279030257312,13.031924736883905,1.3658656036720345
3.61,0.12157450509335366,-0.0665174691946669,0.9978638798537455,0.0,0.0,0.0,0.0,0.0,30.0,0.9659258262890683,0.0,0.0,0.25881904510252074,8.132897587084962,13.113185619970615,1.3578671006756622
3.62,0.13057953727190152,-0.09022007646916276,0.9999983548608303,0.0,0.0,0.0,0.0,0.0,30.0,0.9659258262890683,0.0,0.0,0.25881904510252074,8.146436372270825,13.194582289767396,1.3499111595331783
3.63,0.11136597893305014,-0.06709769858875377,1.002207598379463,0.0,0.0,0.0,0.0,0.0,30.0,0.9659258262890683,0.0,0.0,0.25881904510252074,8.159895810275625,13.276113950680127,1.3419975493058018
3.64,0.10869840121073812,-0.07443098763784792,1.0079258672325184,0.0,0.0,0.0,0.0,0.0,30.0,0.9659258262890683,0.0,0.0,0.25881904510252074,8.173276323256943,13.357779811347791,1.334126040299907
3.65,0.12061581737223738,-0.07442478168773302,1.0203989095934194,0.0,0.0,0.0,0.0,0.0,30.0,0.9659258262890683,0.0,0.0,0.25881904510252074,8.186578331081623,13.439579084619483,1.3262964040598604
3.66,0.13952927359918438,-0.08184984509227253,1.0030179496030034,0.0,0.0,0.0,0.0,0.0,30.0,0.9659258262890683,0.0,0.0,0.25881904510252074,8.19980225133814,13.521510987531585,1.3185084133623377
3.67,0.14084334165957538,-0.05899126880079698,1.0022106014291254,0.0,0.0,0.0,0.0,0.0,30.0,0.9659258262890683,0.0,0.0,0.25881904510252074,8.21294849934887,13.603574741285017,1.310761842208592
3.68,0.11299236706882461,-0.07184933308979419,0.9978748529738027,0.0,0.0,0.0,0.0,0.0,30.0,0.9659258262890683,0.0,0.0,0.25881904510252074,8.226017488182311,13.685769571222675,1.3030564658182016
3.69,0.10888879754438568,-0.058597530733450205,0.9960184634730855,0.0,0.0,0.0,0.0,0.0,30.0,0.9659258262890683,0.0,0.0,0.25881904510252074,8.239009628665235,13.768094706806911,1.295392060623442
3.7,0.10931133134444691,-0.07767952288760775,0.9995041012561969,0.0,0.0,0.0,0.0,0.0,30.0,0.9659258262890683,0.0,0.0,0.25881904510252074,8.25192532939478,13.850549381597213,1.2877684042616693
3.71,0.10411196352530543,-0.06707878574296938,1.0104181555272154,0.0,0.0,0.0,0.0,0.0,30.0,0.9659258262890683,0.0,0.0,0.25881904510252074,8.264764996750468,13.933132833227939,1.280185275569238
3.72,0.11604632249139388,-0.059839454264868926,1.0035609089975779,0.0,0.0,0.0,0.0,0.0,30.0,0.9659258262890683,0.0,0.0,0.25881904510252074,8.277529034906165,14.015844303386224,1.2726424545753048
3.73,0.11231626455135962,-0.06577745664226148,0.9969219378409834,0.0,0.0,0.0,0.0,0.0,30.0,0.9659258262890683,0.0,0.0,0.25881904510252074,8.290217845841974,14.098683037789963,1.2651397224953485
3.74,0.11865663199483006,-0.07496607242227,1.0134072258622553,0.0,0.0,0.0,0.0,0.0,30.0,0.9659258262890683,0.0,0.0,0.25881904510252074,8.302831829356071,14.181648286165954,1.2576768617245762
3.75,0.110750699113257,-0.07123220006510649,0.9951085392095999,0.0,0.0,0.0,0.0,0.0,30.0,0.9659258262890683,0.0,0.0,0.25881904510252074,8.315371383076466,14.264739302228115,1.2502536558318411
3.7600000000000002,0.10298795396733171,-0.061766663859694815,0.9928215695551169,0.0,0.0,0.0,0.0,0.0,30.0,0.9659258262890683,0.0,0.0,0.25881904510252074,8.327836902472708,14.347955343655864,1.2428698895532193
3.77,0.12053057346531884,-0.07081065141124761,0.9772747806958583,0.0,0.0,0.0,0.0,0.0,30.0,0.9659258262890683,0.0,0.0,0.25881904510252074,8.34022878086753,14.431295672072563,1.2355253487858135
3.7800000000000002,0.10115412524851397,-0.08270699494039228,0.9996013114942733,0.0,0.0,0.0,0.0,0.0,30.0,0.9659258262890683,0.0,0.0,0.25881904510252074,8.352547409448423,14.514759553024145,1.2282198205816144
3.79,0.1184139651538045,-0.05577368521543308,0.9866241049505275,0.0,0.0,0.0,0.0,0.0,30.0,0.9659258262890683,0.0,0.0,0.25881904510252074,8.364793177279163,14.598346255957782,1.220953093141361
3.8000000000000003,0.09956151564162476,-0.04409641542099731,1.0031851140873433,0.0,0.0,0.0,0.0,0.0,30.0,0.9659258262890683,0.0,0.0,0.25881904510252074,8.37696647131125,14.682055054200736,1.2137249558079475
3.81,0.10659032786097829,-0.05095554958860086,1.0245274112543015,0.0,0.0,0.0,0.0,0.0,30.0,0.9659258262890683,0.0,0.0,0.25881904510252074,8.389067676395321,14.765885224939268,1.2065351990606814
3.8200000000000003,0.11888331717498199,-0.05975739331707832,1.0035468817598483,0.0,0.0,0.0,0.0,0.0,30.0,0.9659258262890683,0.0,0.0,0.25881904510252074,8.401097175292465,14.849836049197709,1.1993836145097703
3.83,0.1114601784582241,-0.06691583716686031,0.9894128052728256,0.0,0.0,0.0,0.0,0.0,30.0,0.9659258262890683,0.0,0.0,0.25881904510252074,8.413055348685516,14.933906811817597,1.1922699948887612
3.84,0.10518900200875049,-0.06990019599545794,0.9993853758096493,0.0,0.0,0.0,0.0,0.0,30.0,0.9659258262890683,0.0,0.0,0.25881904510252074,8.42494257519024,15.018096801436974,1.185194134049425
3.85,0.10500418857228008,-0.03665885668926717,0.9914895000534343,0.0,0.0,0.0,0.0,0.0,30.0,0.9659258262890683,0.0,0.0,0.25881904510252074,8.436759231366505,15.10240531046976,1.1781558269564698
3.86,0.10220681421402152,-0.061355309321902064,1.0043731053337532,0.0,0.0,0.0,0.0,0.0,30.0,0.9659258262890683,0.0,0.0,0.25881904510252074,8.44850569172937,15.186831635085237,1.1711548696803789
3.87,0.11327697266194343,-0.0642620599295541,0.9917864796989497,0.0,0.0,0.0,0.0,0.0,30.0,0.9659258262890683,0.0,0.0,0.25881904510252074,8.460182328760112,15.271375075187686,1.1641910593917828
3.88,0.08579091163495915,-0.06826609805219969,1.005364408345766,0.0,0.0,0.0,0.0,0.0,30.0,0.9659258262890683,0.0,0.0,0.25881904510252074,8.471789512917205,15.356034934396071,1.1572641943557755
3.89,0.10204602157742101,-0.0688070946576726,0.9962723252351514,0.0,0.0,0.0,0.0,0.0,30.0,0.9659258262890683,0.0,0.0,0.25881904510252074,8.483327612647228,15.440810520023895,1.1503740739264003
3.9,0.1012990412952802,-0.05326653029560271,0.9940660564716147,0.0,0.0,0.0,0.0,0.0,30.0,0.9659258262890683,0.0,0.0,0.25881904510252074,8.494796994395733,15.525701143059107,1.1435204985399992
3.91,0.09787788166389402,-0.07614008500680801,0.9884861419776206,0.0,0.0,0.0,0.0,0.0,30.0,0.9659258262890683,0.0,0.0,0.25881904510252074,8.506198022618028,15.610706118144178,1.1367032697098125
3.92,0.11596060157650846,-0.07949140555531826,0.9966219744736597,0.0,0.0,0.0,0.0,0.0,30.0,0.9659258262890683,0.0,0.0,0.25881904510252074,8.51753105978993,15.695824763556216,1.1299221900204657
3.93,0.10137976503387915,-0.06100958551878354,0.9919184247663461,0.0,0.0,0.0,0.0,0.0,30.0,0.9659258262890683,0.0,0.0,0.25881904510252074,8.528796466418438,15.781056401187259,1.1231770631218296
3.94,0.09798449290762624,-0.056973664442805105,0.9991788259506811,0.0,0.0,0.0,0.0,0.0,30.0,0.9659258262890683,0.0,0.0,0.25881904510252074,8.539994601052365,15.866400356524611,1.116467693723223
3.95,0.07922879310338798,-0.05805777729144213,0.9914488730970844,0.0,0.0,0.0,0.0,0.0,30.0,0.9659258262890683,0.0,0.0,0.25881904510252074,8.551125820292903,15.95185595863134,1.1097938875884665
3.96,0.09194231518209102,-0.05397552733456723,1.0064072875048056,0.0,0.0,0.0,0.0,0.0,30.0,0.9659258262890683,0.0,0.0,0.25881904510252074,8.562190478804135,16.037422540126823,1.103155451529517
3.97,0.10580431345149009,-0.06087273306915321,1.0092400277672011,0.0,0.0,0.0,0.0,0.0,30.0,0.9659258262890683,0.0,0.0,0.25881904510252074,8.573188929323493,16.12309943716746,1.0965521934007825
3.98,0.10799377130091102,-0.044207334616765875,1.0138976793881143,0.0,0.0,0.0,0.0,0.0,30.0,0.9659258262890683,0.0,0.0,0.25881904510252074,8.58412152267215,16.208885989427436,1.0899839220940066
3.99,0.09422269968218382,-0.05698191851609973,1.0082505077939434,0.0,0.0,0.0,0.0,0.0,30.0,0.9659258262890683,0.0,0.0,0.25881904510252074,8.594988607765373,16.294781540079626,1.0834504475327549
4.0,0.08144036656281185,-0.05281495889719119,0.9946944100783008,0.0,0.0,0.0,0.0,0.0,30.0,0.9659258262890683,0.0,0.0,0.25881904510252074,8.605790531622805,16.380785435776566,1.0769515806661616
4.01,0.09084684377928647,-0.0719947987678749,0.9910945569419679,0.0,0.0,0.0,0.0,0.0,30.0,0.9659258262890683,0.0,0.0,0.25881904510252074,8.616527639378695,16.46689702663157,1.070487133464269
4.0200000000000005,0.09376194265291782,-0.045367272846356436,1.0099002658940806,0.0,0.0,0.0,0.0,0.0,30.0,0.9659258262890683,0.0,0.0,0.25881904510252074,8.62720027429209,16.553115666199933,1.0640569189119446
4.03,0.09259877151678689,-0.05581857435375467,0.9916932081298366,0.0,0.0,0.0,0.0,0.0,30.0,0.9659258262890683,0.0,0.0,0.25881904510252074,8.637808777756936,16.639440711460175,1.0576607510041072
4.04,0.09686374587797203,-0.05607708344404432,1.00605884539149,0.0,0.0,0.0,0.0,0.0,30.0,0.9659258262890683,0.0,0.0,0.25881904510252074,8.648353489312171,16.72587152279552,1.0512984447395297
4.05,0.10979816766387505,-0.05360238275090365,0.9850264552582593,0.0,0.0,0.0,0.0,0.0,30.0,0.9659258262890683,0.0,0.0,0.25881904510252074,8.658834746651726,16.812407463975337,1.0449698161156675
4.0600000000000005,0.0831168718181414,-0.06753914508191686,0.9880289031058501,0.0,0.0,0.0,0.0,0.0,30.0,0.9659258262890683,0.0,0.0,0.25881904510252074,8.669252885634483,16.899047902136772,1.0386746821234851
4.07,0.1042251019463032,-0.05037181089473278,0.9847982556842424,0.0,0.0,0.0,0.0,0.0,30.0,0.9659258262890683,0.0,0.0,0.25881904510252074,8.679608240294197,16.985792207766412,1.0324128607427951
4.08,0.09715866068448503,-0.03971708308941722,0.9964012544256413,0.0,0.0,0.0,0.0,0.0,30.0,0.9659258262890683,0.0,0.0,0.25881904510252074,8.689901142849338,17.07263975468213,1.0261841709353803
4.09,0.08331528489414067,-0.05537871421554597,1.0028460651025417,0.0,0.0,0.0,0.0,0.0,30.0,0.9659258262890683,0.0,0.0,0.25881904510252074,8.700131923712904,17.159589920014938,1.0199884326409574
4.1,0.09593064318273758,-0.03986854489944672,1.0121247820591317,0.0,0.0,0.0,0.0,0.0,30.0,0.9659258262890683,0.0,0.0,0.25881904510252074,8.710300911502157,17.24664208419101,1.0138254667716637
4.11,0.10084360696056237,-0.03775893699821011,1.0066138778980034,0.0,0.0,0.0,0.0,0.0,30.0,0.9659258262890683,0.0,0.0,0.25881904510252074,8.720408433048336,17.333795630913766,1.0076950952063157
4.12,0.07314199199168257,-0.05237688446175203,1.0031392051262338,0.0,0.0,0.0,0.0,0.0,30.0,0.9659258262890683,0.0,0.0,0.25881904510252074,8.730454813406286,17.421049947146038,1.0015971407864868
4.13,0.08408413213977685,-0.04164536829881463,0.9963978602781449,0.0,0.0,0.0,0.0,0.0,30.0,0.9659258262890683,0.0,0.0,0.25881904510252074,8.740440375864065,17.508404423092387,0.9955314273096292
4.14,0.07812509296684761,-0.036007356429993816,1.0066600430980635,0.0,0.0,0.0,0.0,0.0,30.0,0.9659258262890683,0.0,0.0,0.25881904510252074,8.750365441952479,17.595858452181467,0.9894977795253794
4.15,0.08904508591408192,-0.0408772510946208,1.010625342393354,0.0,0.0,0.0,0.0,0.0,30.0,0.9659258262890683,0.0,0.0,0.25881904510252074,8.760230331454572,17.68341143104851,0.983496023129419
4.16,0.08973569200674299,-0.07441656895226946,0.9932441054933229,0.0,0.0,0.0,0.0,0.0,30.0,0.9659258262890683,0.0,0.0,0.25881904510252074,8.770035362415069,17.771062759517854,0.9775259847595521
4.17,0.08123511421853905,-0.05937918484653886,1.0019867743392032,0.0,0.0,0.0,0.0,0.0,30.0,0.9659258262890683,0.0,0.0,0.25881904510252074,8.779780851149763,17.858811840585677,0.9715874919893963
4.18,0.09720126910781374,-0.05408505251373851,0.9886516733032913,0.0,0.0,0.0,0.0,0.0,30.0,0.9659258262890683,0.0,0.0,0.25881904510252074,8.789467112254856,17.9466580804027,0.9656803733242896
4.19,0.10504069373813275,-0.05345078442650021,0.9876703507528675,0.0,0.0,0.0,0.0,0.0,30.0,0.9659258262890683,0.0,0.0,0.25881904510252074,8.799094458616247,18.03460088825706,0.9598044581955492
4.2,0.08662095657817798,-0.04438157654150392,0.9929494991031933,0.0,0.0,0.0,0.0,0.0,30.0,0.9659258262890683,0.0,0.0,0.25881904510252074,8.808663201418769,18.122639676557235,0.9539595769563789
4.21,0.09163528398347368,-0.05321516441728869,0.9907704908460961,0.0,0.0,0.0,0.0,0.0,30.0,0.9659258262890683,0.0,0.0,0.25881904510252074,8.818173650155375,18.210773860815102,0.948145560876128
4.22,0.08500593196098129,-0.04033941306896169,0.9936614850880531,0.0,0.0,0.0,0.0,0.0,30.0,0.9659258262890683,0.0,0.0,0.25881904510252074,8.827626112636292,18.29900285962906,0.9423622421359141
4.23,0.086018250016494,-0.04868870865863905,1.0282443364973615,0.0,0.0,0.0,0.0,0.0,30.0,0.9659258262890683,0.0,0.0,0.25881904510252074,8.837020894998092,18.387326094667237,0.9366094538229959
4.24,0.07512105030747099,-0.03362031383799493,0.999476537115611,0.0,0.0,0.0,0.0,0.0,30.0,0.9659258262890683,0.0,0.0,0.25881904510252074,8.846358301712753,18.47574299065079,0.9308870299273622
4.25,0.08043634664603631,-0.03995515604278687,1.0089399056654051,0.0,0.0,0.0,0.0,0.0,30.0,0.9659258262890683,0.0,0.0,0.25881904510252074,8.85563863559664,18.564252975337336,0.9251948053349679
4.26,0.09387409505446559,-0.043596598484557575,0.9939960361024208,0.0,0.0,0.0,0.0,0.0,30.0,0.9659258262890683,0.0,0.0,0.25881904510252074,8.864862197819452,18.652855479504414,0.919532615824437
4.2700000000000005,0.07533008753972621,-0.041499415640099714,1.0058089987060774,0.0,0.0,0.0,0.0,0.0,30.0,0.9659258262890683,0.0,0.0,0.25881904510252074,8.874029287913128,18.741549936933083,0.9139002980614919
4.28,0.09419229155355545,-0.042125989460326675,1.0106016826525774,0.0,0.0,0.0,0.0,0.0,30.0,0.9659258262890683,0.0,0.0,0.25881904510252074,8.883140203780684,18.83033578439155,0.9082976895948605
4.29,0.09488733541921422,-0.04437814154934313,0.9851444134840932,0.0,0.0,0.0,0.0,0.0,30.0,0.9659258262890683,0.0,0.0,0.25881904510252074,8.892195241705025,18.919212461618976,0.9027246288502511
4.3,0.06743729229948058,-0.06012152697783238,1.0159159038101409,0.0,0.0,0.0,0.0,0.0,30.0,0.9659258262890683,0.0,0.0,0.25881904510252074,8.901194696357688,19.00817941130929,0.8971809551275101
4.3100000000000005,0.0702689963628664,-0.03314392411504377,1.0058573191156388,0.0,0.0,0.0,0.0,0.0,30.0,0.9659258262890683,0.0,0.0,0.25881904510252074,8.910138860807574,19.097236079095122,0.8916665085945965
4.32,0.09541135974123494,-0.035151725114340025,0.998976297387866,0.0,0.0,0.0,0.0,0.0,30.0,0.9659258262890683,0.0,0.0,0.25881904510252074,8.919028026529581,19.186381913531807,0.8861811302826936
4.33,0.07577650318298113,-0.04405278365528797,1.0017526095189886,0.0,0.0,0.0,0.0,0.0,30.0,0.9659258262890683,0.0,0.0,0.25881904510252074,8.927862483413227,19.27561636608152,0.8807246620824571
4.34,0.07199004935502984,-0.0449540073639254,1.016093200620024,0.0,0.0,0.0,0.0,0.0,30.0,0.9659258262890683,0.0,0.0,0.25881904510252074,8.93664251977123,19.364938891097438,0.8752969467399225
4.3500000000000005,0.0597993066904748,-0.04176756453936165,0.9909304719401925,0.0,0.0,0.0,0.0,0.0,30.0,0.9659258262890683,0.0,0.0,0.25881904510252074,8.945368422348025,19.45434894580804,0.8698978278496838
4.36,0.07821677597492134,-0.03568005981112507,0.9994238981954232,0.0,0.0,0.0,0.0,0.0,30.0,0.9659258262890683,0.0,0.0,0.25881904510252074,8.954040476328226,19.543845990301417,0.8645271498524494
4.37,0.08360448764599185,-0.059704625399170645,1.0110698911266547,0.0,0.0,0.0,0.0,0.0,30.0,0.9659258262890683,0.0,0.0,0.25881904510252074,8.962658965345074,19.633429487509783,0.859184758029869
4.38,0.06937402368481822,-0.03731119885726387,1.0018244809597647,0.0,0.0,0.0,0.0,0.0,30.0,0.9659258262890683,0.0,0.0,0.25881904510252074,8.971224171488823,19.72309890319395,0.8538704984997594
4.39,0.04908286283110678,-0.05082639548407551,1.0022050836793541,0.0,0.0,0.0,0.0,0.0,30.0,0.9659258262890683,0.0,0.0,0.25881904510252074,8.979736375315069,19.812853705927967,0.8485842182114993
4.4,0.09001387135351616,-0.04012496490763443,1.0025769587977074,0.0,0.0,0.0,0.0,0.0,30.0,0.9659258262890683,0.0,0.0,0.25881904510252074,8.988195855853052,19.902693367083813,0.8433257649420511
4.41,0.059885339591319996,-0.028419485362600114,1.0180707699518812,0.0,0.0,0.0,0.0,0.0,30.0,0.9659258262890683,0.0,0.0,0.25881904510252074,8.99660289061391,19.992617360816148,0.8380949872915266
4.42,0.07383843160508057,-0.044663230757536865,0.9838095028419034,0.0,0.0,0.0,0.0,0.0,30.0,0.9659258262890683,0.0,0.0,0.25881904510252074,9.004957755598882,20.082625164047208,0.8328917346782418
4.43,0.08192880996012931,-0.015178970716248174,1.0071711307478648,0.0,0.0,0.0,0.0,0.0,30.0,0.9659258262890683,0.0,0.0,0.25881904510252074,9.013260725307475,20.17271625645174,0.8277158573350221
4.44,0.08527795710480257,-0.036518382889501204,0.9901498411343125,0.0,0.0,0.0,0.0,0.0,30.0,0.9659258262890683,0.0,0.0,0.25881904510252074,9.021512072745582,20.26289012044201,0.8225672063035177
4.45,0.08555536205887057,-0.05402387727662478,0.9978933509433695,0.0,0.0,0.0,0.0,0.0,30.0,0.9659258262890683,0.0,0.0,0.25881904510252074,9.029712069433547,20.353146241152903,0.8174456334319302
4.46,0.07452724528419064,-0.032589277218610095,1.0041598566543097,0.0,0.0,0.0,0.0,0.0,30.0,0.9659258262890683,0.0,0.0,0.25881904510252074,9.03786098541422,20.44348410642714,0.8123509913688736
4.47,0.07515953024582502,-0.04877486567200047,0.9871062858603954,0.0,0.0,0.0,0.0,0.0,30.0,0.9659258262890683,0.0,0.0,0.25881904510252074,9.045959089260924,20.533903206800513,0.8072831335595083
4.48,0.07146080176904747,-0.04800490210657778,0.9869221437193075,0.0,0.0,0.0,0.0,0.0,30.0,0.9659258262890683,0.0,0.0,0.25881904510252074,9.05400664808541,20.62440303548725,0.8022419142419608
4.49,0.057743679863311366,-0.04554855921582654,0.98147421139826,0.0,0.0,0.0,0.0,0.0,30.0,0.9659258262890683,0.0,0.0,0.25881904510252074,9.062003927545765,20.714983088365404,0.7972271884427755
4.5,0.05648793395134386,-0.056744307346584644,1.0018225946378165,0.0,0.0,0.0,0.0,0.0,30.0,0.9659258262890683,0.0,0.0,0.25881904510252074,9.069951191854265,20.8056428639624,0.7922388119716288
4.51,0.07360425392144784,-0.0200685281358454,0.9850247020076762,0.0,0.0,0.0,0.0,0.0,30.0,0.9659258262890683,0.0,0.0,0.25881904510252074,9.077848703785198,20.896381863440595,0.787276641418714
4.5200000000000005,0.06229253433259589,-0.030762152443869647,0.9978322619501104,0.0,0.0,0.0,0.0,0.0,30.0,0.9659258262890683,0.0,0.0,0.25881904510252074,9.08569672468264,20.98719959058294,0.7823405341493981
4.53,0.06538490595108405,-0.02254621949777521,0.9966159384047928,0.0,0.0,0.0,0.0,0.0,30.0,0.9659258262890683,0.0,0.0,0.25881904510252074,9.093495514468188,21.07809555177869,0.7774303483008111
4.54,0.05666159472215784,-0.05255828075467722,1.0033569432231393,0.0,0.0,0.0,0.0,0.0,30.0,0.9659258262890683,0.0,0.0,0.25881904510252074,9.101245331648656,21.169069256009273,0.7725459427771284
4.55,0.07084688179500193,-0.05285817675950864,0.990146037422737,0.0,0.0,0.0,0.0,0.0,30.0,0.9659258262890683,0.0,0.0,0.25881904510252074,9.10894643332373,21.26012021483413,0.7676871772459322
4.5600000000000005,0.07271476642686311,-0.03312205739153938,0.9935677791639601,0.0,0.0,0.0,0.0,0.0,30.0,0.9659258262890683,0.0,0.0,0.25881904510252074,9.116599075193573,21.351247942376723,0.7628539121331528
4.57,0.07316521603827268,-0.03293104438577434,0.9821691825128046,0.0,0.0,0.0,0.0,0.0,30.0,0.9659258262890683,0.0,0.0,0.25881904510252074,9.124203511566394,21.44245195531052,0.7580460086205676
4.58,0.06340005797683043,-0.03425448553160857,0.9942692429783602,0.0,0.0,0.0,0.0,0.0,30.0,0.9659258262890683,0.0,0.0,0.25881904510252074,9.131759995365984,21.53373177284518,0.7532633286404575
4.59,0.044711233616932515,-0.04099331888246519,1.0075209315994142,0.0,0.0,0.0,0.0,0.0,30.0,0.9659258262890683,0.0,0.0,0.25881904510252074,9.139268778139202,21.625086916712704,0.7485057348721398
4.6000000000000005,0.081486668292533,-0.05982970058261956,1.0261332134556427,0.0,0.0,0.0,0.0,0.0,30.0,0.9659258262890683,0.0,0.0,0.25881904510252074,9.146730110063425,21.71651691115372,0.7437730907373634
4.61,0.05399550055848696,-0.028112132715791268,1.012341980705344,0.0,0.0,0.0,0.0,0.0,30.0,0.9659258262890683,0.0,0.0,0.25881904510252074,9.15414423995395,21.808021282903805,0.7390652603974672
4.62,0.07468346768001373,-0.03594688234496378,0.9883858233731208,0.0,0.0,0.0,0.0,0.0,30.0,0.9659258262890683,0.0,0.0,0.25881904510252074,9.161511415271374,21.89959956117993,0.7343821087480933
4.63,0.07070748087745801,-0.04435787603700696,0.9747730505656271,0.0,0.0,0.0,0.0,0.0,30.0,0.9659258262890683,0.0,0.0,0.25881904510252074,9.168831882128913,21.99125127766693,0.7297235014161174
4.64,0.09232163336042341,-0.029888245776197152,1.0181807712848654,0.0,0.0,0.0,0.0,0.0,30.0,0.9659258262890683,0.0,0.0,0.25881904510252074,9.176105885299696,22.08297596650407,0.7250893047554996
4.65,0.05450931694224999,-0.022059197308894843,1.01589869158149,0.0,0.0,0.0,0.0,0.0,30.0,0.9659258262890683,0.0,0.0,0.25881904510252074,9.183333668224021,22.174773164271695,0.7204793858427934
4.66,0.07876607054953007,-0.03671247950250818,0.9879753795625741,0.0,0.0,0.0,0.0,0.0,30.0,0.9659258262890683,0.0,0.0,0.25881904510252074,9.190515473016553,22.266642409977894,0.7158936124746447
4.67,0.061044598204835494,-0.058295522311535244,0.9829798761059647,0.0,0.0,0.0,0.0,0.0,30.0,0.9659258262890683,0.0,0.0,0.25881904510252074,9.197651540473514,22.35858324504534,0.7113318531624486
4.68,0.06333637418666556,-0.04595044854338729,0.9983555314454525,0.0,0.0,0.0,0.0,0.0,30.0,0.9659258262890683,0.0,0.0,0.25881904510252074,9.204742110079803,22.450595213298108,0.7067939771295073
4.69,0.060928346609122525,-0.016499037189003467,1.0129762656975096,0.0,0.0,0.0,0.0,0.0,30.0,0.9659258262890683,0.0,0.0,0.25881904510252074,9.211787420016103,22.542677860948594,0.7022798543061413
4.7,0.061173062251523996,-0.023488360601834086,0.9922028685530966,0.0,0.0,0.0,0.0,0.0,30.0,0.9659258262890683,0.0,0.0,0.25881904510252074,9.218787707165927,22.6348307365845,0.6977893553271883
4.71,0.057858336681847596,-0.026247359032458305,0.9875833942242901,0.0,0.0,0.0,0.0,0.0,30.0,0.9659258262890683,0.0,0.0,0.25881904510252074,9.225743207122648,22.72705339115594,0.6933223515275699
4.72,0.058045082028144145,-0.048331498320791894,1.0011747240782798,0.0,0.0,0.0,0.0,0.0,30.0,0.9659258262890683,0.0,0.0,0.25881904510252074,9.232654154196478,22.819345377962534,0.6888787149385394
4.73,0.07676968157428657,-0.04241863110406727,1.0022587949591382,0.0,0.0,0.0,0.0,0.0,30.0,0.9659258262890683,0.0,0.0,0.25881904510252074,9.239520781421417,22.91170625264063,0.6844583182833617
4.74,0.05108298084925924,-0.046168952591328,0.9876415047965824,0.0,0.0,0.0,0.0,0.0,30.0,0.9659258262890683,0.0,0.0,0.25881904510252074,9.246343320562147,23.004135573150545,0.6800610349749263
4.75,0.07421742654851797,-0.010826081432112151,1.0048304370530559,0.0,0.0,0.0,0.0,0.0,30.0,0.9659258262890683,0.0,0.0,0.25881904510252074,9.253122002120916,23.096632899763957,0.6756867391110859
4.76,0.05212270087513425,-0.027179658423218008,0.9966567647365697,0.0,0.0,0.0,0.0,0.0,30.0,0.9659258262890683,0.0,0.0,0.25881904510252074,9.259857055344368,23.18919779505128,0.6713353054707341
4.7700000000000005,0.06691734683886905,-0.031097936312093965,1.002797041508551,0.0,0.0,0.0,0.0,0.0,30.0,0.9659258262890683,0.0,0.0,0.25881904510252074,9.26654870823033,23.281829823869163,0.6670066095109632
4.78,0.06459585378033242,-0.03958325997485283,0.9959563217688714,0.0,0.0,0.0,0.0,0.0,30.0,0.9659258262890683,0.0,0.0,0.25881904510252074,9.273197187534588,23.374528553347986,0.6627005273635405
4.79,0.040932353255549156,-0.0379886156327818,0.9857766730993517,0.0,0.0,0.0,0.0,0.0,30.0,0.9659258262890683,0.0,0.0,0.25881904510252074,9.279802718777601,23.467293552879546,0.6584169358298482
4.8,0.05632168846086945,-0.042928968780083655,1.001012344203213,0.0,0.0,0.0,0.0,0.0,30.0,0.9659258262890683,0.0,0.0,0.25881904510252074,9.286365526251185,23.560124394104687,0.6541557123784401
4.8100000000000005,0.06192654937415042,-0.04733775730613469,0.9918672090575403,0.0,0.0,0.0,0.0,0.0,30.0,0.9659258262890683,0.0,0.0,0.25881904510252074,9.292885833025169,23.653020650901073,0.6499167351417441
4.82,0.04758864701002554,-0.02545659771536826,1.017063620273868,0.0,0.0,0.0,0.0,0.0,30.0,0.9659258262890683,0.0,0.0,0.25881904510252074,9.29936386095402,23.745981899370967,0.6456998829117424
4.83,0.06516668511414729,-0.0362018435287544,1.0146500638963614,0.0,0.0,0.0,0.0,0.0,30.0,0.9659258262890683,0.0,0.0,0.25881904510252074,9.305799830683403,23.83900771782915,0.641505035136106
4.84,0.0411417271535374,-0.01750131181790465,0.9934378579369818,0.0,0.0,0.0,0.0,0.0,30.0,0.9659258262890683,0.0,0.0,0.25881904510252074,9.312193961656742,23.93209768679085,0.6373320719161484
4.8500000000000005,0.028113280018329127,-0.005775192757494728,1.0157802307432358,0.0,0.0,0.0,0.0,0.0,30.0,0.9659258262890683,0.0,0.0,0.25881904510252074,9.318546472121726,24.02525138895975,0.6331808740014822
4.86,0.04523269417111976,-0.030382605156188288,0.9978550054774681,0.0,0.0,0.0,0.0,0.0,30.0,0.9659258262890683,0.0,0.0,0.25881904510252074,9.324857579136774,24.11846840921604,0.629051322788257
4.87,0.05621095995097923,-0.04669610515152637,0.9931850601733321,0.0,0.0,0.0,0.0,0.0,30.0,0.9659258262890683,0.0,0.0,0.25881904510252074,9.33112749857749,24.211748334604607,0.6249433003141576
4.88,0.05950747606366404,-0.029427919898949283,1.0119923851000663,0.0,0.0,0.0,0.0,0.0,30.0,0.9659258262890683,0.0,0.0,0.25881904510252074,9.337356445143056,24.305090754323206,0.6208566892559588
4.89,0.05526635766638678,-0.007955391290903793,0.9928426844283136,0.0,0.0,0.0,0.0,0.0,30.0,0.9659258262890683,0.0,0.0,0.25881904510252074,9.34354463236261,24.39849525971073,0.6167913729261159
4.9,0.056705041156395825,-0.05040459347234892,0.9874686687123546,0.0,0.0,0.0,0.0,0.0,30.0,0.9659258262890683,0.0,0.0,0.25881904510252074,9.349692272601578,24.49196144423556,0.6127472352681025
4.91,0.0670416990863664,-0.04046432247753877,1.0053067517400143,0.0,0.0,0.0,0.0,0.0,30.0,0.9659258262890683,0.0,0.0,0.25881904510252074,9.355799577067973,24.585488903483906,0.6087241608548197
4.92,0.0527853031009831,-0.041277732742683336,0.9965175072581284,0.0,0.0,0.0,0.0,0.0,30.0,0.9659258262890683,0.0,0.0,0.25881904510252074,9.361866755818674,24.679077235148338,0.6047220348839346
4.93,0.04790908739944273,-0.03550291246517338,1.0075360821092745,0.0,0.0,0.0,0.0,0.0,30.0,0.9659258262890683,0.0,0.0,0.25881904510252074,9.367894017765652,24.772726039016256,0.6007407431749243
4.94,0.0592251112067642,-0.03620157782331339,0.9909289719616077,0.0,0.0,0.0,0.0,0.0,30.0,0.9659258262890683,0.0,0.0,0.25881904510252074,9.37388157068217,24.8664349169585,0.5967801721654382
4.95,0.05517710079543274,-0.03122659275398786,1.0102828246244977,0.0,0.0,0.0,0.0,0.0,30.0,0.9659258262890683,0.0,0.0,0.25881904510252074,9.379829621208962,24.960203472917954,0.5928402089089104
4.96,0.07856053489465795,-0.02159735704715261,0.999652697289358,0.0,0.0,0.0,0.0,0.0,30.0,0.9659258262890683,0.0,0.0,0.25881904510252074,9.385738374860349,25.0540313128983,0.5889207410699555
4.97,0.04994283130204909,-0.03839474462996652,0.9909332721561742,0.0,0.0,0.0,0.0,0.0,30.0,0.9659258262890683,0.0,0.0,0.25881904510252074,9.39160803603036,25.14791804495275,0.5850216569219242
4.98,0.04128657799901489,-0.03358339078667191,0.9957285655423916,0.0,0.0,0.0,0.0,0.0,30.0,0.9659258262890683,0.0,0.0,0.25881904510252074,9.397438807998787,25.2418632791729,0.5811428453429812
4.99,0.058417282773769764,-0.03342329284838638,0.9980255028356393,0.0,0.0,0.0,0.0,0.0,30.0,0.9659258262890683,0.0,0.0,0.25881904510252074,9.403230892937222,25.33586662767758,0.5772841958141726
5.0,0.03845824886053743,-0.012791832406236632,1.0050698640958657,0.0,0.0,0.0,0.0,0.0,30.0,0.9659258262890683,0.0,0.0,0.25881904510252074,9.40898449191507,25.429927704601837,0.573445598414537
5.01,0.06819249536558325,-0.021074033577696313,1.014896359519133,0.0,0.0,0.0,0.0,0.0,30.0,0.9659258262890683,0.0,0.0,0.25881904510252074,9.414699804905512,25.52404612608594,0.5696269438188324
5.0200000000000005,0.047483414523225485,-0.021677597474516936,1.0270550636950946,0.0,0.0,0.0,0.0,0.0,30.0,0.9659258262890683,0.0,0.0,0.25881904510252074,9.420377030791446,25.61822151026443,0.5658281232939544
5.03,0.03739921326287932,-0.016893835801870382,1.0169794421841194,0.0,0.0,0.0,0.0,0.0,30.0,0.9659258262890683,0.0,0.0,0.25881904510252074,9.426016367371393,25.71245347725524,0.5620490286964355
5.04,0.05351383425576843,-0.020812721052231024,1.0127963446771306,0.0,0.0,0.0,0.0,0.0,30.0,0.9659258262890683,0.0,0.0,0.25881904510252074,9.431618011365375,25.806741649148922,0.5582895524681817
5.05,0.042269330470257424,-0.02410004298909613,0.9911199506438125,0.0,0.0,0.0,0.0,0.0,30.0,0.9659258262890683,0.0,0.0,0.25881904510252074,9.437182158420756,25.90108564999785,0.5545495876340851
5.0600000000000005,0.04173124902363581,-0.034400091967365834,0.998537317273078,0.0,0.0,0.0,0.0,0.0,30.0,0.9659258262890683,0.0,0.0,0.25881904510252074,9.442709003118054,25.99548510580555,0.5508290277984997
5.07,0.049814617439493135,-0.02326542106611882,0.9854909131018463,0.0,0.0,0.0,0.0,0.0,30.0,0.9659258262890683,0.0,0.0,0.25881904510252074,9.448198738976727,26.089939644516022,0.5471277671429675
5.08,0.06825945190749327,-0.01587273001209938,1.0074356276939276,0.0,0.0,0.0,0.0,0.0,30.0,0.9659258262890683,0.0,0.0,0.25881904510252074,9.453651558460914,26.184448896003207,0.5434457004217847
5.09,0.04400291618021055,-0.028434326371718513,1.0056116642063326,0.0,0.0,0.0,0.0,0.0,30.0,0.9659258262890683,0.0,0.0,0.25881904510252074,9.459067652985162,26.279012492060435,0.539782722959842
5.1000000000000005,0.05156081894640325,-0.044546092183185816,1.0075927926427006,0.0,0.0,0.0,0.0,0.0,30.0,0.9659258262890683,0.0,0.0,0.25881904510252074,9.46444721292011,26.373630066389968,0.5361387306491565
5.11,0.07690876138771886,-0.046083538096062145,1.0101967762163409,0.0,0.0,0.0,0.0,0.0,30.0,0.9659258262890683,0.0,0.0,0.25881904510252074,9.469790427598147,26.468301254592557,0.5325136199463145
5.12,0.05049283001633369,-0.02811091902720257,1.014070157400223,0.0,0.0,0.0,0.0,0.0,30.0,0.9659258262890683,0.0,0.0,0.25881904510252074,9.475097485319036,26.56302569415714,0.5289072878685488
5.13,0.03425502119224865,-0.025112897359099936,1.0150195465192826,0.0,0.0,0.0,0.0,0.0,30.0,0.9659258262890683,0.0,0.0,0.25881904510252074,9.480368573355518,26.657803024450512,0.5253196319918629
5.14,0.04405481323171437,-0.03089450510131369,1.0011797722239795,0.0,0.0,0.0,0.0,0.0,30.0,0.9659258262890683,0.0,0.0,0.25881904510252074,9.485603877958873,26.752632886707083,0.5217505504469955
5.15,0.041194690909164694,-0.010529156813897543,0.9906815222632885,0.0,0.0,0.0,0.0,0.0,30.0,0.9659258262890683,0.0,0.0,0.25881904510252074,9.490803584364457,26.847514924018707,0.5181999419166914
5.16,0.05441962525510466,-0.03910758818219806,1.0068757240272184,0.0,0.0,0.0,0.0,0.0,30.0,0.9659258262890683,0.0,0.0,0.25881904510252074,9.49596787679721,26.942448781324515,0.514667705633542
5.17,0.04406199962144809,-0.05261320758347342,0.9999385684664626,0.0,0.0,0.0,0.0,0.0,30.0,0.9659258262890683,0.0,0.0,0.25881904510252074,9.501096938477128,27.037434105400884,0.511153741375665
5.18,0.03386344347011301,-0.03045116721176959,1.0158155179864923,0.0,0.0,0.0,0.0,0.0,30.0,0.9659258262890683,0.0,0.0,0.25881904510252074,9.506190951624722,27.13247054485139,0.5076579494650559
5.19,0.03303835262344587,-0.03660554203588457,1.014808828568718,0.0,0.0,0.0,0.0,0.0,30.0,0.9659258262890683,0.0,0.0,0.25881904510252074,9.511250097466428,27.227557750096853,0.5041802307633816
5.2,0.04541060264750505,-0.00968233074549562,1.003326073741159,0.0,0.0,0.0,0.0,0.0,30.0,0.9659258262890683,0.0,0.0,0.25881904510252074,9.516274556239992,27.322695373365384,0.5007204866706161
5.21,0.03484403535346966,-0.02603582723277524,1.0126412843044723,0.0,0.0,0.0,0.0,0.0,30.0,0.9659258262890683,0.0,0.0,0.25881904510252074,9.52126450719984,27.41788306868258,0.4972786191204932
5.22,0.05328735300926332,-0.025170458263441,1.0005014367071243,0.0,0.0,0.0,0.0,0.0,30.0,0.9659258262890683,0.0,0.0,0.25881904510252074,9.526220128622402,27.51312049186169,0.49385453057897166
5.23,0.04215447654875781,-0.030952566897895065,1.0198587974937514,0.0,0.0,0.0,0.0,0.0,30.0,0.9659258262890683,0.0,0.0,0.25881904510252074,9.531141597811418,27.608407300493866,0.4904481240404266
5.24,0.04308614581858106,-0.03646220458677635,0.995095824513827,0.0,0.0,0.0,0.0,0.0,30.0,0.9659258262890683,0.0,0.0,0.25881904510252074,9.536029091103211,27.703743153938436,0.48705930302571687
5.25,0.05018269039553043,-0.018065629013252225,0.9985900096532679,0.0,0.0,0.0,0.0,0.0,30.0,0.9659258262890683,0.0,0.0,0.25881904510252074,9.540882783871933,27.79912771331331,0.4836879715782061
5.26,0.035545735968498825,-0.024244398909713805,0.9827931244994699,0.0,0.0,0.0,0.0,0.0,30.0,0.9659258262890683,0.0,0.0,0.25881904510252074,9.545702850534775,27.89456064148534,0.4803340342621709
5.2700000000000005,0.028739214825094523,-0.016106102979163407,0.9950723120518764,0.0,0.0,0.0,0.0,0.0,30.0,0.9659258262890683,0.0,0.0,0.25881904510252074,9.550489464557174,27.990041603060806,0.4769973961585947
5.28,0.04568534711205145,-0.011624929592443213,1.0066791249249984,0.0,0.0,0.0,0.0,0.0,30.0,0.9659258262890683,0.0,0.0,0.25881904510252074,9.555242798457948,28.08557026437588,0.473677962864258
5.29,0.041750776169278365,-0.0021026646944290704,1.0068649879641265,0.0,0.0,0.0,0.0,0.0,30.0,0.9659258262890683,0.0,0.0,0.25881904510252074,9.55996302381446,28.181146293487238,0.4703756404872479
5.3,0.03760415087836922,-0.016288012144543396,1.0041934649389677,0.0,0.0,0.0,0.0,0.0,30.0,0.9659258262890683,0.0,0.0,0.25881904510252074,9.564650311267693,28.276769360162646,0.4670903356447411
5.3100000000000005,0.03216026389348491,-0.022898186355135252,0.9983037579960863,0.0,0.0,0.0,0.0,0.0,30.0,0.9659258262890683,0.0,0.0,0.25881904510252074,9.569304830527354,28.372439135871627,0.463821955460503
5.32,0.020457455937194353,-0.025255070163160885,0.9970894465381009,0.0,0.0,0.0,0.0,0.0,30.0,0.9659258262890683,0.0,0.0,0.25881904510252074,9.573926750376904,28.468155293776146,0.4605704075622725
5.33,0.03588092012814925,-0.04022859429051351,0.9963534998174892,0.0,0.0,0.0,0.0,0.0,30.0,0.9659258262890683,0.0,0.0,0.25881904510252074,9.5785162386786,28.56391750872142,0.4573356000784088
5.34,0.039695096952389694,-0.022105590484517507,0.9883264039954269,0.0,0.0,0.0,0.0,0.0,30.0,0.9659258262890683,0.0,0.0,0.25881904510252074,9.583073462378472,28.659725457226703,0.4541174416357876
5.3500000000000005,0.04632265108345895,-0.03548702329064037,0.9976995878490552,0.0,0.0,0.0,0.0,0.0,30.0,0.9659258262890683,0.0,0.0,0.25881904510252074,9.587598587511314,28.75557881747616,0.4509158413568457
5.36,0.052955692599864636,-0.02994548616358138,0.9947499832203122,0.0,0.0,0.0,0.0,0.0,30.0,0.9659258262890683,0.0,0.0,0.25881904510252074,9.59209177920561,28.851477269309743,0.4477307088572502
5.37,0.050292803402658064,-0.026613486568879862,0.9969474361485449,0.0,0.0,0.0,0.0,0.0,30.0,0.9659258262890683,0.0,0.0,0.25881904510252074,9.596553201688458,28.94742049421421,0.4445619542423742
5.38,0.04125446514910616,-0.011721429514234208,0.9773537408904354,0.0,0.0,0.0,0.0,0.0,30.0,0.9659258262890683,0.0,0.0,0.25881904510252074,9.600983018290458,29.043408175314102,0.4414094881056485
5.39,0.0301922030264703,-0.03269484989332024,0.9888558651891654,0.0,0.0,0.0,0.0,0.0,30.0,0.9659258262890683,0.0,0.0,0.25881904510252074,9.605381391450571,29.139439997362807,0.43827322152549186
5.4,0.02965053882415947,-0.030802114918602966,1.0030921605120025,0.0,0.0,0.0,0.0,0.0,30.0,0.9659258262890683,0.0,0.0,0.25881904510252074,9.609748482720967,29.23551564673367,0.4351530660625258
5.41,0.02903297065401275,-0.02077252234801317,1.004114205748719,0.0,0.0,0.0,0.0,0.0,30.0,0.9659258262890683,0.0,0.0,0.25881904510252074,9.614084452771824,29.33163481141113,0.4320489337576987
5.42,0.030400997112762593,-0.02053214916490093,1.0167751911544607,0.0,0.0,0.0,0.0,0.0,30.0,0.9659258262890683,0.0,0.0,0.25881904510252074,9.61838946139612,29.42779718098197,0.42896073712830685
5.43,0.04091074946868535,-0.02824405900624429,0.9993347938892084,0.0,0.0,0.0,0.0,0.0,30.0,0.9659258262890683,0.0,0.0,0.25881904510252074,9.62266366751439,29.52400244662652,0.42588838916725535
5.44,0.027960862359783394,-0.018787060087749163,1.0088244913944733,0.0,0.0,0.0,0.0,0.0,30.0,0.9659258262890683,0.0,0.0,0.25881904510252074,9.626907229179464,29.620250301109994,0.422831803338795
5.45,0.02869229695500166,-0.023542817364853395,1.0113729614105371,0.0,0.0,0.0,0.0,0.0,30.0,0.9659258262890683,0.0,0.0,0.25881904510252074,9.631120303581167,29.716540438773794,0.41979089357704424
5.46,0.03171971681985916,-0.019328105625276662,0.9895386919994522,0.0,0.0,0.0,0.0,0.0,30.0,0.9659258262890683,0.0,0.0,0.25881904510252074,9.635303047051005,29.812872555526955,0.4167655742831471
5.47,0.02817091942484123,-0.02633030474634552,1.021763200232143,0.0,0.0,0.0,0.0,0.0,30.0,0.9659258262890683,0.0,0.0,0.25881904510252074,9.63945561506683,29.90924634883754,0.4137557603227151
5.48,0.03218384086818104,-0.026242588141623585,0.9943680647152285,0.0,0.0,0.0,0.0,0.0,30.0,0.9659258262890683,0.0,0.0,0.25881904510252074,9.643578162257459,30.00566151772417,0.41076136702321264
5.49,0.03435523818720701,-0.014231810468868216,1.0018949043700354,0.0,0.0,0.0,0.0,0.0,30.0,0.9659258262890683,0.0,0.0,0.25881904510252074,9.647670842407296,30.102117762747493,0.4077823101719673
5.5,0.056327674886492284,-0.018502055227406576,1.0144740414935658,0.0,0.0,0.0,0.0,0.0,30.0,0.9659258262890683,0.0,0.0,0.25881904510252074,9.651733808460898,30.198614786001833,0.40481850601275937
5.51,0.038256245320571536,-0.01443384617629471,0.9855640006028669,0.0,0.0,0.0,0.0,0.0,30.0,0.9659258262890683,0.0,0.0,0.25881904510252074,9.65576721252755,30.295152291106774,0.40186987124451434
5.5200000000000005,0.033959477992445274,-0.02102956923262783,0.9975704299310253,0.0,0.0,0.0,0.0,0.0,30.0,0.9659258262890683,0.0,0.0,0.25881904510252074,9.659771205885788,30.391729983198847,0.39893632301755133
5.53,0.013443549531462805,-0.011385042871539935,0.9961284967031782,0.0,0.0,0.0,0.0,0.0,30.0,0.9659258262890683,0.0,0.0,0.25881904510252074,9.663745938987903,30.488347568923214,0.39601777893284407
5.54,0.030335203689239722,-0.022594958584537913,0.9977192081112557,0.0,0.0,0.0,0.0,0.0,30.0,0.9659258262890683,0.0,0.0,0.25881904510252074,9.667691561464444,30.585004756425473,0.3931141570379282
5.55,0.03853179280876568,-0.03260627963786182,0.9906895794308301,0.0,0.0,0.0,0.0,0.0,30.0,0.9659258262890683,0.0,0.0,0.25881904510252074,9.671608222128661,30.681701255343437,0.39022537582502537
5.5600000000000005,0.03711333667103784,-0.018293594688115405,0.9962334519109127,0.0,0.0,0.0,0.0,0.0,30.0,0.9659258262890683,0.0,0.0,0.25881904510252074,9.675496068980944,30.77843677679899,0.3873513542291107
5.57,0.028215371068835298,-0.02794788393245737,0.9994164483610434,0.0,0.0,0.0,0.0,0.0,30.0,0.9659258262890683,0.0,0.0,0.25881904510252074,9.679355249213245,30.87521103338996,0.38449201162563895
5.58,0.04551060049100915,-0.030039102845876027,1.0152331804665016,0.0,0.0,0.0,0.0,0.0,30.0,0.9659258262890683,0.0,0.0,0.25881904510252074,9.683185909213456,30.97202373918209,0.3816472678267928
5.59,0.04189315322451176,-0.023843931402189038,1.0078307487546307,0.0,0.0,0.0,0.0,0.0,30.0,0.9659258262890683,0.0,0.0,0.25881904510252074,9.68698819456978,31.068874609701005,0.37881704308074404
5.6000000000000005,0.018545642386773448,-0.03648647839922377,0.9871021774384883,0.0,0.0,0.0,0.0,0.0,30.0,0.9659258262890683,0.0,0.0,0.25881904510252074,9.69076225007507,31.165763361924235,0.37600125806818596
5.61,0.028859818093404724,-0.02228199575497412,0.9948485758285732,0.0,0.0,0.0,0.0,0.0,30.0,0.9659258262890683,0.0,0.0,0.25881904510252074,9.694508219731146,31.262689714273264,0.37319983390102607
5.62,0.0337053771209727,-0.04023733045950705,1.0049534940635154,0.0,0.0,0.0,0.0,0.0,30.0,0.9659258262890683,0.0,0.0,0.25881904510252074,9.698226246753089,31.359653386605682,0.37041269211886174
5.63,0.01827326628162105,-0.025352916971765612,0.99587149533707,0.0,0.0,0.0,0.0,0.0,30.0,0.9659258262890683,0.0,0.0,0.25881904510252074,9.701916473573522,31.456654100207313,0.36763975468767285
5.64,0.020660535090996895,-0.032313747406396455,0.9899391833478569,0.0,0.0,0.0,0.0,0.0,30.0,0.9659258262890683,0.0,0.0,0.25881904510252074,9.705579041846843,31.553691577784413,0.36488094399697957
5.65,0.03186101514097493,-0.01256398505770154,1.0056423517770394,0.0,0.0,0.0,0.0,0.0,30.0,0.9659258262890683,0.0,0.0,0.25881904510252074,9.709214092453461,31.650765543455922,0.36213618285768234
5.66,0.021794185220205344,-0.026240346872295053,0.9907939683535008,0.0,0.0,0.0,0.0,0.0,30.0,0.9659258262890683,0.0,0.0,0.25881904510252074,9.712821765503998,31.747875722745707,0.3594053945001292
5.67,0.035997289958203414,-0.038560254257914185,1.012383392605822,0.0,0.0,0.0,0.0,0.0,30.0,0.9659258262890683,0.0,0.0,0.25881904510252074,9.716402200343463,31.845021842574944,0.35668850257110307
5.68,0.026412409806356348,-0.025883482802179676,1.0033945379590756,0.0,0.0,0.0,0.0,0.0,30.0,0.9659258262890683,0.0,0.0,0.25881904510252074,9.71995553555542,31.942203631254436,0.35398543113223013
5.69,0.04134915465029678,-0.01448528410490315,1.010527444573186,0.0,0.0,0.0,0.0,0.0,30.0,0.9659258262890683,0.0,0.0,0.25881904510252074,9.723481908966106,32.03942081847705,0.3512961046573082
5.7,0.03213026499027553,-0.00547831009456173,1.012451600386187,0.0,0.0,0.0,0.0,0.0,30.0,0.9659258262890683,0.0,0.0,0.25881904510252074,9.726981457648566,32.13667313531012,0.3486204480309425
5.71,0.029556802241966707,-0.0032469099095097367,1.001647337013135,0.0,0.0,0.0,0.0,0.0,30.0,0.9659258262890683,0.0,0.0,0.25881904510252074,9.730454317926725,32.233960314187996,0.34595838654496447
5.72,0.031186629675289353,-0.02671866750129812,0.997112199942128,0.0,0.0,0.0,0.0,0.0,30.0,0.9659258262890683,0.0,0.0,0.25881904510252074,9.733900625379466,32.33128208890452,0.3433098458973518
5.73,0.03786081976711192,-0.030496047505346013,1.0064962400932527,0.0,0.0,0.0,0.0,0.0,30.0,0.9659258262890683,0.0,0.0,0.25881904510252074,9.73732051484467,32.42863819460565,0.34067475218927257
5.74,0.03333962766671653,-0.014460293712467253,0.9779350780457603,0.0,0.0,0.0,0.0,0.0,30.0,0.9659258262890683,0.0,0.0,0.25881904510252074,9.740714120423252,32.52602836778198,0.33805303192411884
5.75,0.028590689356627945,-0.010620315393886122,0.9923704504308182,0.0,0.0,0.0,0.0,0.0,30.0,0.9659258262890683,0.0,0.0,0.25881904510252074,9.744081575483152,32.623452346261516,0.3354446120033572
5.76,0.03029700407630133,-0.040751330179436634,1.0067139303628847,0.0,0.0,0.0,0.0,0.0,30.0,0.9659258262890683,0.0,0.0,0.25881904510252074,9.747423012663319,32.720909869202245,0.33284941972618753
5.7700000000000005,0.022541589268962246,-0.008125380766593375,0.9815721372406778,0.0,0.0,0.0,0.0,0.0,30.0,0.9659258262890683,0.0,0.0,0.25881904510252074,9.750738563877675,32.81840067708496,0.33026738278653056
5.78,0.035861726926795276,-0.019077362941303168,1.0080760379766895,0.0,0.0,0.0,0.0,0.0,30.0,0.9659258262890683,0.0,0.0,0.25881904510252074,9.754028360319051,32.91592451170594,0.3276984292715497
5.79,0.019456239931487512,-0.022762223557100874,1.0224245134482255,0.0,0.0,0.0,0.0,0.0,30.0,0.9659258262890683,0.0,0.0,0.25881904510252074,9.757292532463106,33.01348111616985,0.3251424876585247
5.8,0.02018924385670461,-0.023508268424176637,0.9972341796283493,0.0,0.0,0.0,0.0,0.0,30.0,0.9659258262890683,0.0,0.0,0.25881904510252074,9.760531210072221,33.111070234882526,0.3225994868133739
5.8100000000000005,0.01803974221301348,-0.004414427715437738,1.0172501331420427,0.0,0.0,0.0,0.0,0.0,30.0,0.9659258262890683,0.0,0.0,0.25881904510252074,9.763744522199373,33.20869161354389,0.3200693559884371
5.82,0.02100196325346331,-0.03345096919882997,1.0117197730299077,0.0,0.0,0.0,0.0,0.0,30.0,0.9659258262890683,0.0,0.0,0.25881904510252074,9.766932597191992,33.30634499914085,0.31755202482099776
5.83,0.038905747643188444,-0.007846356349530816,1.011565114347489,0.0,0.0,0.0,0.0,0.0,30.0,0.9659258262890683,0.0,0.0,0.25881904510252074,9.770095562695793,33.40403013994028,0.3150474233298155
5.84,0.018926526484501226,-0.0176208587048925,0.9861589039565946,0.0,0.0,0.0,0.0,0.0,30.0,0.9659258262890683,0.0,0.0,0.25881904510252074,9.77323354565859,33.501746785482055,0.3125554819146146
5.8500000000000005,0.013201199362773211,-0.0059984698471886085,0.993280867375569,0.0,0.0,0.0,0.0,0.0,30.0,0.9659258262890683,0.0,0.0,0.25881904510252074,9.776346672334084,33.59949468657202,0.3100761313525595
5.86,0.04996069793337,-0.014941908566461973,0.9935957518476628,0.0,0.0,0.0,0.0,0.0,30.0,0.9659258262890683,0.0,0.0,0.25881904510252074,9.779435068285643,33.69727359527512,0.3076093027978004
5.87,0.03492708813660435,0.002454052209738276,1.0048613095942516,0.0,0.0,0.0,0.0,0.0,30.0,0.9659258262890683,0.0,0.0,0.25881904510252074,9.78249885839004,33.7950832649085,0.3051549277777781
5.88,0.014561132255926408,-0.011724036528819889,1.0137559806106673,0.0,0.0,0.0,0.0,0.0,30.0,0.9659258262890683,0.0,0.0,0.25881904510252074,9.7855381668412,33.89292345003465,0.3027129381928262
5.89,0.021585610114594214,-0.02304660533135282,1.010164479113629,0.0,0.0,0.0,0.0,0.0,30.0,0.9659258262890683,0.0,0.0,0.25881904510252074,9.788553117153896,33.99079390645463,0.30028326631247637
5.9,0.027704214478813386,-0.026212352587290624,0.9962025339841846,0.0,0.0,0.0,0.0,0.0,30.0,0.9659258262890683,0.0,0.0,0.25881904510252074,9.791543832167449,34.08869439120124,0.297865844774833
5.91,0.018535505544660567,-0.012101611892828351,1.0010968451349354,0.0,0.0,0.0,0.0,0.0,30.0,0.9659258262890683,0.0,0.0,0.25881904510252074,9.794510434049394,34.18662466253232,0.2954606065846406
5.92,0.03738526429274385,-0.007845632883336196,0.9843646600597064,0.0,0.0,0.0,0.0,0.0,30.0,0.9659258262890683,0.0,0.0,0.25881904510252074,9.797453044299141,34.28458447992406,0.29306748510964553
5.93,0.029740426759547023,-0.005851559269771447,1.0045587926703288,0.0,0.0,0.0,0.0,0.0,30.0,0.9659258262890683,0.0,0.0,0.25881904510252074,9.800371783751586,34.382573604064305,0.29068641408031226
5.94,0.035761903975230123,-0.020195862597869728,0.9904916817271414,0.0,0.0,0.0,0.0,0.0,30.0,0.9659258262890683,0.0,0.0,0.25881904510252074,9.803266772580747,34.48059179684597,0.28831732758743556
5.95,0.034553846138081865,-0.025234557289825998,0.9784046246722229,0.0,0.0,0.0,0.0,0.0,30.0,0.9659258262890683,0.0,0.0,0.25881904510252074,9.806138130303337,34.57863882136039,0.28596016008003744
5.96,0.035299030643860654,-0.021702182110574498,0.9969393379899033,0.0,0.0,0.0,0.0,0.0,30.0,0.9659258262890683,0.0,0.0,0.25881904510252074,9.808985975782347,34.676714441890816,0.28361484636315026
5.97,0.01086016410896215,-0.02759663207202768,0.9884341115802439,0.0,0.0,0.0,0.0,0.0,30.0,0.9659258262890683,0.0,0.0,0.25881904510252074,9.811810427230599,34.77481842390588,0.2812813215962251
5.98,0.02102842085534445,-0.010522986569712145,0.977021887842426,0.0,0.0,0.0,0.0,0.0,30.0,0.9659258262890683,0.0,0.0,0.25881904510252074,9.81461160221427,34.87295053405311,0.2789595212914264
5.99,0.031952642623720356,-0.025925174599581557,0.9893368824204595,0.0,0.0,0.0,0.0,0.0,30.0,0.9659258262890683,0.0,0.0,0.25881904510252074,9.81738961765643,34.97111054015246,0.2766493813117563
6.0,0.031006480353421108,-0.014734339196047094,0.9846356621375931,0.0,0.0,0.0,0.0,0.0,30.0,0.9659258262890683,0.0,0.0,0.25881904510252074,9.820144589840506,35.06929821118994,0.27435083786798486
6.01,0.042471887427887996,-0.02247761084369064,1.0024731595194747,0.0,0.0,0.0,0.0,0.0,30.0,0.9659258262890683,0.0,0.0,0.25881904510252074,9.82287663441379,35.167513317311204,0.27206382751870706
6.0200000000000005,0.025823911040096643,0.0003578970938747397,0.9954433116455412,0.0,0.0,0.0,0.0,0.0,30.0,0.9659258262890683,0.0,0.0,0.25881904510252074,9.82558586639088,35.26575562981523,0.26978828716642056
6.03,0.03370595877017238,-0.021058831085978957,1.0112212885850222,0.0,0.0,0.0,0.0,0.0,30.0,0.9659258262890683,0.0,0.0,0.25881904510252074,9.82827240015712,35.36402492114797,0.26752415405780994
6.04,0.01579627186502856,-0.017147166612377918,1.0189596654789903,0.0,0.0,0.0,0.0,0.0,30.0,0.9659258262890683,0.0,0.0,0.25881904510252074,9.830936349472035,35.462320964896115,0.265271365779995
6.05,0.026397884656989126,-0.01231320092316712,1.0224204927501206,0.0,0.0,0.0,0.0,0.0,30.0,0.9659258262890683,0.0,0.0,0.25881904510252074,9.83357782747272,35.560643535780834,0.26302986025945074
6.0600000000000005,0.02664478105966662,-0.021458450864316227,1.0073462799829451,0.0,0.0,0.0,0.0,0.0,30.0,0.9659258262890683,0.0,0.0,0.25881904510252074,9.836196946677223,35.65899240965159,0.26079957576035895
6.07,0.011018434199150537,-0.001900768518797255,1.0120597775982016,0.0,0.0,0.0,0.0,0.0,30.0,0.9659258262890683,0.0,0.0,0.25881904510252074,9.838793818987929,35.757367363479915,0.25858045088318704
6.08,0.01691066074727514,-0.01935037438710667,1.001765042623509,0.0,0.0,0.0,0.0,0.0,30.0,0.9659258262890683,0.0,0.0,0.25881904510252074,9.841368555694887,35.855768175353326,0.25637242456105014
6.09,0.022587787964082888,-0.022736216823224843,1.0056808786631881,0.0,0.0,0.0,0.0,0.0,30.0,0.9659258262890683,0.0,0.0,0.25881904510252074,9.84392126747915,35.954194624469196,0.25417543606010895
6.1000000000000005,0.0018344328131348374,-0.017176479689941057,0.9959605903514306,0.0,0.0,0.0,0.0,0.0,30.0,0.9659258262890683,0.0,0.0,0.25881904510252074,9.846452064416088,36.05264649112868,0.25198942497638654
6.11,0.019328451700695547,-0.009664747135975586,0.9877197757358087,0.0,0.0,0.0,0.0,0.0,30.0,0.9659258262890683,0.0,0.0,0.25881904510252074,9.84896105597868,36.151123556730646,0.24981433123508623
6.12,0.027755134322631006,-0.014428181008498549,0.9934978388818637,0.0,0.0,0.0,0.0,0.0,30.0,0.9659258262890683,0.0,0.0,0.25881904510252074,9.851448351040789,36.24962560376574,0.24765009508689673
6.13,0.008011552006230821,-0.02434793879161479,1.0036032477202925,0.0,0.0,0.0,0.0,0.0,30.0,0.9659258262890683,0.0,0.0,0.25881904510252074,9.853914057880418,36.34815241581035,0.24549665710884483
6.140000000000001,0.01185210048403511,-0.011765611854923901,1.0106198295475812,0.0,0.0,0.0,0.0,0.0,30.0,0.9659258262890683,0.0,0.0,0.25881904510252074,9.856358284182964,36.44670377752067,0.2433539581999753
6.15,0.03162873913779469,0.0033050734717623726,0.9970370667648218,0.0,0.0,0.0,0.0,0.0,30.0,0.9659258262890683,0.0,0.0,0.25881904510252074,9.858781137044419,36.5452794746268,0.24122193958157823
6.16,0.010263481685094627,-0.001985479897088382,1.0030960385050458,0.0,0.0,0.0,0.0,0.0,30.0,0.9659258262890683,0.0,0.0,0.25881904510252074,9.861182722974595,36.643879293926894,0.23910054279446058
6.17,0.03216807120265043,-0.011972551753840592,1.0119564602446265,0.0,0.0,0.0,0.0,0.0,30.0,0.9659258262890683,0.0,0.0,0.25881904510252074,9.863563147900308,36.742503023281266,0.23698970969763877
6.18,0.029206958974114974,-0.004811816543668969,1.0050352287779656,0.0,0.0,0.0,0.0,0.0,30.0,0.9659258262890683,0.0,0.0,0.25881904510252074,9.865922517168547,36.84115045160661,0.23488938246595126
6.19,0.024535517664875807,-0.009539113338974883,1.0022590623952905,0.0,0.0,0.0,0.0,0.0,30.0,0.9659258262890683,0.0,0.0,0.25881904510252074,9.868260935549625,36.939821368870206,0.23279950358852375
6.2,0.03027683390446893,-0.016883243781099098,1.0173568513609381,0.0,0.0,0.0,0.0,0.0,30.0,0.9659258262890683,0.0,0.0,0.25881904510252074,9.87057850724032,37.03851556608415,0.23072001586865554
6.21,0.019129735524173578,-0.0018041276251449182,0.9990975881221116,0.0,0.0,0.0,0.0,0.0,30.0,0.9659258262890683,0.0,0.0,0.25881904510252074,9.872875335866997,37.137232835299685,0.22865086241961308
6.22,0.017543681675688094,0.008769438730656125,0.9969065521479862,0.0,0.0,0.0,0.0,0.0,30.0,0.9659258262890683,0.0,0.0,0.25881904510252074,9.875151524488711,37.23597296960146,0.22659198666485736
6.23,0.007057257309628683,-0.01858934541510478,0.996827720464918,0.0,0.0,0.0,0.0,0.0,30.0,0.9659258262890683,0.0,0.0,0.25881904510252074,9.877407175600293,37.33473576310191,0.22454333233486068
6.24,0.04120132448208016,-0.009277030495415986,1.009347133997993,0.0,0.0,0.0,0.0,0.0,30.0,0.9659258262890683,0.0,0.0,0.25881904510252074,9.879642391135409,37.433521010935586,0.22250484346716348
6.25,0.00945428020156258,-0.007715088369005174,1.0067147834839647,0.0,0.0,0.0,0.0,0.0,30.0,0.9659258262890683,0.0,0.0,0.25881904510252074,9.881857272469636,37.53232850925361,0.2204764644035322
6.26,0.037308311048942874,-0.01810096983319095,1.0060348946269384,0.0,0.0,0.0,0.0,0.0,30.0,0.9659258262890683,0.0,0.0,0.25881904510252074,9.88405192042348,37.63115805521807,0.21845813978819706
6.2700000000000005,0.022140525349389848,-0.021253016365809955,0.9998054376441383,0.0,0.0,0.0,0.0,0.0,30.0,0.9659258262890683,0.0,0.0,0.25881904510252074,9.8862264352654,37.730009446996526,0.21644981456677215
6.28,0.01630346015132736,-0.0341876344660145,1.0059866912438222,0.0,0.0,0.0,0.0,0.0,30.0,0.9659258262890683,0.0,0.0,0.25881904510252074,9.888380916714816,37.82888248375642,0.2144514339850616
6.29,0.024165039828138626,-0.015221943351545551,0.986614380553853,0.0,0.0,0.0,0.0,0.0,30.0,0.9659258262890683,0.0,0.0,0.25881904510252074,9.8905154639451,37.927776965659724,0.212462943586047
6.3,0.03338667930532247,-0.00807171924026171,1.0101670129401163,0.0,0.0,0.0,0.0,0.0,30.0,0.9659258262890683,0.0,0.0,0.25881904510252074,9.892630175586536,38.02669269385738,0.21048428920943252
6.3100000000000005,0.032517217466681424,-0.015840395411217283,1.0081215453264076,0.0,0.0,0.0,0.0,0.0,30.0,0.9659258262890683,0.0,0.0,0.25881904510252074,9.894725149729286,38.125629470483965,0.20851541698920073
6.32,0.015829497360081223,-0.011156925456550688,0.9991438438336131,0.0,0.0,0.0,0.0,0.0,30.0,0.9659258262890683,0.0,0.0,0.25881904510252074,9.896800483926322,38.22458709865224,0.20655627335366944
6.33,0.018055640595544452,0.0007075581779850882,1.001238275310286,0.0,0.0,0.0,0.0,0.0,30.0,0.9659258262890683,0.0,0.0,0.25881904510252074,9.89885627519636,38.32356538244785,0.20460680502162631
6.34,0.016360194609389467,-0.013098511511637817,1.003413141492052,0.0,0.0,0.0,0.0,0.0,30.0,0.9659258262890683,0.0,0.0,0.25881904510252074,9.900892620026754,38.422564126923966,0.20266695900215836
6.3500000000000005,0.008778378719187494,-0.015261306794471245,0.9994771941889274,0.0,0.0,0.0,0.0,0.0,30.0,0.9659258262890683,0.0,0.0,0.25881904510252074,9.902909614376401,38.52158313809599,0.20073668259294664
6.36,0.011898953956082243,-0.011321552552727753,0.99389223137081,0.0,0.0,0.0,0.0,0.0,30.0,0.9659258262890683,0.0,0.0,0.25881904510252074,9.904907353678615,38.62062222293626,0.19881592337844722
6.37,0.03742822845430009,0.003251265264767689,1.0044995216306445,0.0,0.0,0.0,0.0,0.0,30.0,0.9659258262890683,0.0,0.0,0.25881904510252074,9.90688593284397,38.71968118936887,0.19690462922801544
6.38,0.016684510349917813,0.011965268427359755,1.0032295290807363,0.0,0.0,0.0,0.0,0.0,30.0,0.9659258262890683,0.0,0.0,0.25881904510252074,9.908845446263175,38.818759846264406,0.19500274829596265
6.390000000000001,0.016185112047675084,-0.006814617802864837,1.0030594320641193,0.0,0.0,0.0,0.0,0.0,30.0,0.9659258262890683,0.0,0.0,0.25881904510252074,9.910785987809888,38.91785800343478,0.19311022901746355
6.4,0.030990437985197173,-0.009939511563084511,1.0209932482405726,0.0,0.0,0.0,0.0,0.0,30.0,0.9659258262890683,0.0,0.0,0.25881904510252074,9.912707650843526,39.016975471628044,0.19122702010929515
6.41,0.007901559809078095,-0.0027138176325303635,0.989981732233522,0.0,0.0,0.0,0.0,0.0,30.0,0.9659258262890683,0.0,0.0,0.25881904510252074,9.914610528212073,39.11611206252332,0.18935307056705142
6.42,0.03472810667914658,-0.01286489886406735,0.9994181072818757,0.0,0.0,0.0,0.0,0.0,30.0,0.9659258262890683,0.0,0.0,0.25881904510252074,9.916494712254867,39.21526758872565,0.18748832966417694
6.43,0.025635599639548708,0.003088770754038766,0.9888812316341171,0.0,0.0,0.0,0.0,0.0,30.0,0.9659258262890683,0.0,0.0,0.25881904510252074,9.918360294805357,39.31444186376095,0.1856327469503185
6.44,0.012768578452463911,-0.023319724804763044,1.0013730515137553,0.0,0.0,0.0,0.0,0.0,30.0,0.9659258262890683,0.0,0.0,0.25881904510252074,9.920207367193871,39.41363470207095,0.18378627224922184
6.45,0.015054180731705682,-0.012766150129998023,0.9931553866109939,0.0,0.0,0.0,0.0,0.0,30.0,0.9659258262890683,0.0,0.0,0.25881904510252074,9.922036020250342,39.51284591900817,0.1819488556587885
6.46,0.012047374697894013,-0.016647540420007698,1.005289618420261,0.0,0.0,0.0,0.0,0.0,30.0,0.9659258262890683,0.0,0.0,0.25881904510252074,9.923846344307048,39.612075330830955,0.18012044754851786
6.47,0.03090526424161602,-0.028398062036647142,0.9988403248392856,0.0,0.0,0.0,0.0,0.0,30.0,0.9659258262890683,0.0,0.0,0.25881904510252074,9.925638429201312,39.71132275469849,0.178300998557404
6.48,0.011404157306439852,-0.004074823269148261,0.9904823298265628,0.0,0.0,0.0,0.0,0.0,30.0,0.9659258262890683,0.0,0.0,0.25881904510252074,9.927412364278194,39.810588008665896,0.17649045959331033
6.49,0.013962410551261824,-0.019302570977786912,1.006966978434728,0.0,0.0,0.0,0.0,0.0,30.0,0.9659258262890683,0.0,0.0,0.25881904510252074,9.92916823839318,39.90987091167925,0.17468878183257175
6.5,0.01626118721333685,-0.01042998412729704,1.0037018792901033,0.0,0.0,0.0,0.0,0.0,30.0,0.9659258262890683,0.0,0.0,0.25881904510252074,9.930906139914846,40.00917128357079,0.17289591671624294
6.51,0.01264605390291587,-0.024262484477597508,1.0059573040993326,0.0,0.0,0.0,0.0,0.0,30.0,0.9659258262890683,0.0,0.0,0.25881904510252074,9.932626156727505,40.108488945054,0.17111181595026892
6.5200000000000005,0.017836804427551447,-0.010174551248048684,1.0098492493063356,0.0,0.0,0.0,0.0,0.0,30.0,0.9659258262890683,0.0,0.0,0.25881904510252074,9.93432837623385,40.20782371771881,0.16933643150355238
6.53,0.026983039514416624,-0.019466504131630893,0.9921892392801479,0.0,0.0,0.0,0.0,0.0,30.0,0.9659258262890683,0.0,0.0,0.25881904510252074,9.936012885357577,40.30717542402677,0.16756971560675993
6.54,0.030115677591907062,0.005734478766944248,0.9926160687141391,0.0,0.0,0.0,0.0,0.0,30.0,0.9659258262890683,0.0,0.0,0.25881904510252074,9.937679770545985,40.406543887306285,0.1658116207504463
6.55,0.002681225881133284,-0.014740514686527562,0.9950188359318238,0.0,0.0,0.0,0.0,0.0,30.0,0.9659258262890683,0.0,0.0,0.25881904510252074,9.939329117772587,40.505928931747874,0.16406209968437224
6.5600000000000005,-0.0015060791445805197,-0.007964400617501833,0.9871982109025847,0.0,0.0,0.0,0.0,0.0,30.0,0.9659258262890683,0.0,0.0,0.25881904510252074,9.940961012539672,40.605330382399444,0.1623211054147191
6.57,0.0020776843188890803,0.0009733247191012636,0.9931681072451923,0.0,0.0,0.0,0.0,0.0,30.0,0.9659258262890683,0.0,0.0,0.25881904510252074,9.942575539880883,40.704748065161546,0.160588591205169
6.58,0.01331461541249672,-0.001808872298135109,1.0081322407209123,0.0,0.0,0.0,0.0,0.0,30.0,0.9659258262890683,0.0,0.0,0.25881904510252074,9.944172784363776,40.804181806782765,0.15886451057275508
6.59,0.010507613046851789,-0.007571185055402515,0.9917459401060525,0.0,0.0,0.0,0.0,0.0,30.0,0.9659258262890683,0.0,0.0,0.25881904510252074,9.945752830092339,40.90363143485504,0.15714881728808905
6.6000000000000005,0.03120083502702402,-0.0014258109428909168,0.9889676022007396,0.0,0.0,0.0,0.0,0.0,30.0,0.9659258262890683,0.0,0.0,0.25881904510252074,9.947315760709536,41.00309677780906,0.1554414653735421
6.61,0.013617574067045455,-0.000703164485608067,1.0047941096656874,0.0,0.0,0.0,0.0,0.0,30.0,0.9659258262890683,0.0,0.0,0.25881904510252074,9.94886165939981,41.10257766490961,0.15374240910244907
6.62,0.031719380447142245,0.005970716892590843,0.9946069354217348,0.0,0.0,0.0,0.0,0.0,30.0,0.9659258262890683,0.0,0.0,0.25881904510252074,9.950390608891585,41.20207392625107,0.15205160299655063
6.63,0.012387283728325885,-0.020482099384322616,1.0024945298288943,0.0,0.0,0.0,0.0,0.0,30.0,0.9659258262890683,0.0,0.0,0.25881904510252074,9.951902691459741,41.30158539275282,0.15036900182593627
6.640000000000001,0.01464142940005795,0.019453515914569838,1.0009757510420962,0.0,0.0,0.0,0.0,0.0,30.0,0.9659258262890683,0.0,0.0,0.25881904510252074,9.953397988928103,41.40111189615477,0.1486945606068275
6.65,-0.007948458275696905,-0.014217218596436786,1.0011234921152508,0.0,0.0,0.0,0.0,0.0,30.0,0.9659258262890683,0.0,0.0,0.25881904510252074,9.95487658267188,41.500653269012766,0.14702823460066838
6.66,0.0002774720563512823,-0.01608388307979011,0.9963436419177188,0.0,0.0,0.0,0.0,0.0,30.0,0.9659258262890683,0.0,0.0,0.25881904510252074,9.956338553620116,41.60020934469422,0.1453699793127612
6.67,0.01611000959570384,-0.008981088097141226,0.9911076751255307,0.0,0.0,0.0,0.0,0.0,30.0,0.9659258262890683,0.0,0.0,0.25881904510252074,9.957783982258134,41.69977995737361,0.14371975049056118
6.68,0.02042367879544178,-0.01264031121792241,0.9950069115658823,0.0,0.0,0.0,0.0,0.0,30.0,0.9659258262890683,0.0,0.0,0.25881904510252074,9.959212948629927,41.79936494202805,0.14207750412288078
6.69,-0.0013939752043649633,-0.015020767636144546,1.0065177159588514,0.0,0.0,0.0,0.0,0.0,30.0,0.9659258262890683,0.0,0.0,0.25881904510252074,9.96062553234059,41.89896413443291,0.1404431964382411
6.7,-0.003917639384669288,-0.0077894232053649015,1.007177250232749,0.0,0.0,0.0,0.0,0.0,30.0,0.9659258262890683,0.0,0.0,0.25881904510252074,9.962021812558694,41.9985773711574,0.13881678390418983
6.71,0.008344891012305134,-0.004597257446655049,0.9888320598861707,0.0,0.0,0.0,0.0,0.0,30.0,0.9659258262890683,0.0,0.0,0.25881904510252074,9.963401868018673,42.09820448956029,0.13719822322480013
6.72,0.02507651058317728,0.004097466220889549,1.0023549908318332,0.0,0.0,0.0,0.0,0.0,30.0,0.9659258262890683,0.0,0.0,0.25881904510252074,9.96476577702319,42.197845327785494,0.13558747134067062
6.73,-0.005718616747184152,-0.01729093098080634,1.0097670306193134,0.0,0.0,0.0,0.0,0.0,30.0,0.9659258262890683,0.0,0.0,0.25881904510252074,9.966113617445485,42.29749972475784,0.13398448542631058
6.74,0.028822505097097398,-0.0037838174504101867,1.0124731893403571,0.0,0.0,0.0,0.0,0.0,30.0,0.9659258262890683,0.0,0.0,0.25881904510252074,9.967445466731718,42.397167520178726,0.13238922289070842
6.75,0.0054734778133484355,-0.00856289928578493,1.0000114790356331,0.0,0.0,0.0,0.0,0.0,30.0,0.9659258262890683,0.0,0.0,0.25881904510252074,9.968761401903299,42.4968485545219,0.13080164137431893
6.76,0.01564253762872404,-0.02187656896858028,1.0094066684253828,0.0,0.0,0.0,0.0,0.0,30.0,0.9659258262890683,0.0,0.0,0.25881904510252074,9.970061499559204,42.596542669029205,0.12922169874872225
6.7700000000000005,0.024498182669282574,-0.017995657235756492,0.9864466032874015,0.0,0.0,0.0,0.0,0.0,30.0,0.9659258262890683,0.0,0.0,0.25881904510252074,9.971345835878271,42.6962497057064,0.12764935311463432
6.78,0.014640130716585412,-0.01297164270590013,0.9762917031740211,0.0,0.0,0.0,0.0,0.0,30.0,0.9659258262890683,0.0,0.0,0.25881904510252074,9.972614486621499,42.795969507318894,0.12608456280207747
6.79,0.019082841626129183,-0.004793180474343013,0.9952335300219216,0.0,0.0,0.0,0.0,0.0,30.0,0.9659258262890683,0.0,0.0,0.25881904510252074,9.973867527134313,42.89570191738767,0.12452728636748134
6.8,0.03199458619923773,-0.004881064124805775,0.992465699396948,0.0,0.0,0.0,0.0,0.0,30.0,0.9659258262890683,0.0,0.0,0.25881904510252074,9.975105032348848,42.995446780185084,0.12297748259373975
6.8100000000000005,0.011735454490067054,-0.0165921602237602,0.9923829322595925,0.0,0.0,0.0,0.0,0.0,30.0,0.9659258262890683,0.0,0.0,0.25881904510252074,9.976327076786186,43.09520394073076,0.12143511048765276
6.82,0.014452010177650377,-0.011655187350401844,0.9954902592602978,0.0,0.0,0.0,0.0,0.0,30.0,0.9659258262890683,0.0,0.0,0.25881904510252074,9.977533734558603,43.194973244787484,0.11990012928060878
6.83,0.0271429256617885,0.002561170041126932,1.0080282582010682,0.0,0.0,0.0,0.0,0.0,30.0,0.9659258262890683,0.0,0.0,0.25881904510252074,9.978725079371797,43.294754538857134,0.11837249842506026
6.84,0.015607384520860279,-0.001115787383561612,1.0145658489890714,0.0,0.0,0.0,0.0,0.0,30.0,0.9659258262890683,0.0,0.0,0.25881904510252074,9.979901184527105,43.39454767017663,0.11685217759566058
6.8500000000000005,0.00999014009135872,0.012674482375366405,0.9904859833203769,0.0,0.0,0.0,0.0,0.0,30.0,0.9659258262890683,0.0,0.0,0.25881904510252074,9.98106212292371,43.494352486713886,0.1153391266861945
6.86,0.007502244010440997,-0.019589846989306846,0.9965622698030706,0.0,0.0,0.0,0.0,0.0,30.0,0.9659258262890683,0.0,0.0,0.25881904510252074,9.98220796706083,43.59416883716381,0.11383330580963502
6.87,0.01510470113476318,0.008784994408322956,0.9933667246180309,0.0,0.0,0.0,0.0,0.0,30.0,0.9659258262890683,0.0,0.0,0.25881904510252074,9.983338789039902,43.69399657094431,0.11233467529564223
6.88,0.009841608955716029,-0.009243534185587593,0.992614000592151,0.0,0.0,0.0,0.0,0.0,30.0,0.9659258262890683,0.0,0.0,0.25881904510252074,9.984454660566744,43.79383553819234,0.11084319569135914
6.890000000000001,-0.0022363148694897732,-0.0049691368318308966,0.9826793499956484,0.0,0.0,0.0,0.0,0.0,30.0,0.9659258262890683,0.0,0.0,0.25881904510252074,9.985555652953728,43.89368558975995,0.10935882775788741
6.9,0.010632451206036873,-0.005290908032217469,0.9934224970107611,0.0,0.0,0.0,0.0,0.0,30.0,0.9659258262890683,0.0,0.0,0.25881904510252074,9.986641837121903,43.993546577210324,0.10788153247131049
6.91,-0.0007118548114080452,-0.019268537731222866,1.0187132841097772,0.0,0.0,0.0,0.0,0.0,30.0,0.9659258262890683,0.0,0.0,0.25881904510252074,9.987713283603155,44.09341835281395,0.10641127101996517
6.92,-0.004151760814975296,0.010226164494594412,1.006001647598675,0.0,0.0,0.0,0.0,0.0,30.0,0.9659258262890683,0.0,0.0,0.25881904510252074,9.988770062542303,44.19330076954467,0.10494800480381627
6.93,0.005499143442471259,-0.016847376424339266,1.0104249349685999,0.0,0.0,0.0,0.0,0.0,30.0,0.9659258262890683,0.0,0.0,0.25881904510252074,9.98981224369923,44.29319368107588,0.10349169543383141
6.94,0.026307869378625445,-0.014542953715221104,0.9970125479411956,0.0,0.0,0.0,0.0,0.0,30.0,0.9659258262890683,0.0,0.0,0.25881904510252074,9.990839896450977,44.39309694177663,0.10204230472965037
6.95,0.01940020697924867,-0.00177132848463668,1.0199996095615615,0.0,0.0,0.0,0.0,0.0,30.0,0.9659258262890683,0.0,0.0,0.25881904510252074,9.991853089793825,44.49301040670785,0.10059979471986935
6.96,0.0030557410559192153,0.00036694864869383224,0.9874907203005834,0.0,0.0,0.0,0.0,0.0,30.0,0.9659258262890683,0.0,0.0,0.25881904510252074,9.992851892345374,44.592933931618546,0.09916412763971039
6.97,0.0295899200573774,-0.012286519885349534,0.977920329707048,0.0,0.0,0.0,0.0,0.0,30.0,0.9659258262890683,0.0,0.0,0.25881904510252074,9.99383637234662,44.692867372942004,0.09773526593079396
6.98,0.007247777425218288,-0.006304911373895637,1.0191557151256179,0.0,0.0,0.0,0.0,0.0,30.0,0.9659258262890683,0.0,0.0,0.25881904510252074,9.994806597663988,44.79281058779206,0.09631317223880842
6.99,0.004992230472429932,-0.0049648791832254055,1.0059343887191279,0.0,0.0,0.0,0.0,0.0,30.0,0.9659258262890683,0.0,0.0,0.25881904510252074,9.995762635791397,44.89276343395934,0.09489780941453319
7.0,0.024118734185997307,-0.005398915759917828,1.010394778935879,0.0,0.0,0.0,0.0,0.0,30.0,0.9659258262890683,0.0,0.0,0.25881904510252074,9.996704553852279,44.99272576990755,0.09348914051037127
7.01,0.013313061559297325,-0.007657490258817948,1.000775544419911,0.0,0.0,0.0,0.0,0.0,30.0,0.9659258262890683,0.0,0.0,0.25881904510252074,9.997632418601604,45.09269745476982,0.09208712878040615
7.0200000000000005,0.008295727458872486,-0.013784238121912602,1.012136807544461,0.0,0.0,0.0,0.0,0.0,30.0,0.9659258262890683,0.0,0.0,0.25881904510252074,9.998546296427886,45.19267834834498,0.0906917376793217
7.03,-0.005969859406599258,0.007158506902206855,1.0095441932912457,0.0,0.0,0.0,0.0,0.0,30.0,0.9659258262890683,0.0,0.0,0.25881904510252074,9.999446253355192,45.29266831109389,0.08930293086160646
7.04,0.006833783254992394,-0.012137150218593847,0.9977357491433809,0.0,0.0,0.0,0.0,0.0,30.0,0.9659258262890683,0.0,0.0,0.25881904510252074,10.000332355045117,45.39266720413589,0.08792067217927979
7.05,0.012370530222633132,0.0030180212001792743,1.0028691896353983,0.0,0.0,0.0,0.0,0.0,30.0,0.9659258262890683,0.0,0.0,0.25881904510252074,10.001204666798778,45.49267488924511,0.08654492568228989
7.0600000000000005,0.017443226744669724,-0.00991709556940832,1.0023457639850004,0.0,0.0,0.0,0.0,0.0,30.0,0.9659258262890683,0.0,0.0,0.25881904510252074,10.002063253558761,45.5926912288469,0.08517565561601259
7.07,-0.00828194619134039,0.003363001690479382,1.0015317625195157,0.0,0.0,0.0,0.0,0.0,30.0,0.9659258262890683,0.0,0.0,0.25881904510252074,10.002908179911099,45.69271608601425,0.08381282642187671
7.08,0.0031259843500912104,0.0074113176505839085,1.006915261487965,0.0,0.0,0.0,0.0,0.0,30.0,0.9659258262890683,0.0,0.0,0.25881904510252074,10.003739510087199,45.79274932446424,0.08245640273446497
7.09,-0.0210014395267691,-0.003736440489327097,0.9854497600327221,0.0,0.0,0.0,0.0,0.0,30.0,0.9659258262890683,0.0,0.0,0.25881904510252074,10.004557307965788,45.8927908085545,0.08110634938174144
7.1000000000000005,0.01771043787941586,0.020823985808482062,0.9948146648928466,0.0,0.0,0.0,0.0,0.0,30.0,0.9659258262890683,0.0,0.0,0.25881904510252074,10.005361637074833,45.992840403279715,0.07976263138328932
7.11,0.007671523306850759,-0.006508908847661516,1.0035081311222023,0.0,0.0,0.0,0.0,0.0,30.0,0.9659258262890683,0.0,0.0,0.25881904510252074,10.006152560593454,46.092897974268055,0.07842521395042468
7.12,0.013253667932553894,0.00894123609346963,0.9901257866550222,0.0,0.0,0.0,0.0,0.0,30.0,0.9659258262890683,0.0,0.0,0.25881904510252074,10.006930141353841,46.19296338777779,0.07709406248341111
7.13,0.0224075221980643,-0.013178289716619586,1.0027708869937,0.0,0.0,0.0,0.0,0.0,30.0,0.9659258262890683,0.0,0.0,0.25881904510252074,10.007694441843123,46.29303651069377,0.07576914257157341
7.140000000000001,0.018160484065478866,0.0033360723675259626,0.9906142505901164,0.0,0.0,0.0,0.0,0.0,30.0,0.9659258262890683,0.0,0.0,0.25881904510252074,10.008445524205271,46.39311721052402,0.07445041999221758
7.15,-0.0005604306278193836,-0.008352302144720292,0.9994883071887408,0.0,0.0,0.0,0.0,0.0,30.0,0.9659258262890683,0.0,0.0,0.25881904510252074,10.009183450242968,46.493205355396256,0.07313786070966444
7.16,0.017812967185820455,-0.016580498108169982,1.0046670150461274,0.0,0.0,0.0,0.0,0.0,30.0,0.9659258262890683,0.0,0.0,0.25881904510252074,10.009908281419465,46.593300814054565,0.07183143087343069
7.17,0.012328326505070372,0.001986802074349723,1.0046630633445799,0.0,0.0,0.0,0.0,0.0,30.0,0.9659258262890683,0.0,0.0,0.25881904510252074,10.010620078860438,46.693403455855965,0.0705310968181152
7.18,0.021297486238987827,0.0013479877811157775,1.0085695924455995,0.0,0.0,0.0,0.0,0.0,30.0,0.9659258262890683,0.0,0.0,0.25881904510252074,10.011318903355827,46.79351315076704,0.06923682506209161
7.19,0.011636005338618634,0.01446671477594642,0.9810019526043713,0.0,0.0,0.0,0.0,0.0,30.0,0.9659258262890683,0.0,0.0,0.25881904510252074,10.012004815361678,46.893629769360636,0.0679485823064283
7.2,0.01870839082065283,-0.006009344897641548,0.9971928313956361,0.0,0.0,0.0,0.0,0.0,30.0,0.9659258262890683,0.0,0.0,0.25881904510252074,10.012677875001957,46.993753182812455,0.06666633543426315
7.21,-0.00392017103478817,-0.022020919464612432,0.9961810515244244,0.0,0.0,0.0,0.0,0.0,30.0,0.9659258262890683,0.0,0.0,0.25881904510252074,10.013338142070364,47.09388326289781,0.06539005150870025
7.22,-0.0012105216544644264,0.0016725450250487245,0.9852773752706258,0.0,0.0,0.0,0.0,0.0,30.0,0.9659258262890683,0.0,0.0,0.25881904510252074,10.013985676032132,47.194019881988325,0.06411969777377635
7.23,0.01986687909766079,-0.00048538701699639853,0.9975209730846921,0.0,0.0,0.0,0.0,0.0,30.0,0.9659258262890683,0.0,0.0,0.25881904510252074,10.014620536025838,47.29416291304862,0.0628552416516186
7.24,-0.0016546323710994492,-0.011012625725879303,0.9886991283537938,0.0,0.0,0.0,0.0,0.0,30.0,0.9659258262890683,0.0,0.0,0.25881904510252074,10.015242780865165,47.39431222963307,0.061596650742330894
7.25,-0.00011463719833705557,-0.0030161781443499756,0.9982263655055639,0.0,0.0,0.0,0.0,0.0,30.0,0.9659258262890683,0.0,0.0,0.25881904510252074,10.015852469040684,47.4944677058826,0.06034389282308439
7.26,-0.008926027475960031,-0.005671387591464003,0.9910681708466291,0.0,0.0,0.0,0.0,0.0,30.0,0.9659258262890683,0.0,0.0,0.25881904510252074,10.016449658721626,47.59462921652141,0.05909693584703746
7.2700000000000005,0.00670806379078881,0.01569669654253022,1.0062502269411326,0.0,0.0,0.0,0.0,0.0,30.0,0.9659258262890683,0.0,0.0,0.25881904510252074,10.017034407757624,47.694796636853816,0.05785574794180093
7.28,0.0018689398975485377,-0.01913566349736995,0.9858527569132122,0.0,0.0,0.0,0.0,0.0,30.0,0.9659258262890683,0.0,0.0,0.25881904510252074,10.017606773680464,47.794969842761006,0.05662029740989283
7.29,-0.011975692739852786,0.004435552400976527,0.99234930649956,0.0,0.0,0.0,0.0,0.0,30.0,0.9659258262890683,0.0,0.0,0.25881904510252074,10.018166813705822,47.89514871069794,0.05539055272612359
7.3,0.005409445450057795,-0.008981863847614199,1.000911965418735,0.0,0.0,0.0,0.0,0.0,30.0,0.9659258262890683,0.0,0.0,0.25881904510252074,10.018714584734987,47.99533311769014,0.05416648253782341
7.3100000000000005,0.018692614872758303,-0.009549058861459084,0.9965904466077186,0.0,0.0,0.0,0.0,0.0,30.0,0.9659258262890683,0.0,0.0,0.25881904510252074,10.019250143356578,48.0955229413306,0.052948055663478044
7.32,-0.0034946992218285386,0.006107985828993439,0.9897428281008576,0.0,0.0,0.0,0.0,0.0,30.0,0.9659258262890683,0.0,0.0,0.25881904510252074,10.019773545848258,48.195718059776624,0.05173524109216032
7.33,-0.006867703327110114,-0.016452841103140596,0.9859152648580976,0.0,0.0,0.0,0.0,0.0,30.0,0.9659258262890683,0.0,0.0,0.25881904510252074,10.020284848178422,48.29591835174676,0.05052800798176804
7.34,0.009064951921336563,0.02317630750149451,0.9900462368359304,0.0,0.0,0.0,0.0,0.0,30.0,0.9659258262890683,0.0,0.0,0.25881904510252074,10.020784106007893,48.396123696517684,0.04932632565902395
7.3500000000000005,0.013765833680462646,5.7115008010558374e-05,0.9889797743374802,0.0,0.0,0.0,0.0,0.0,30.0,0.9659258262890683,0.0,0.0,0.25881904510252074,10.021271374691601,48.49633397392119,0.048130163617713606
7.36,0.0013782316768292877,-0.004722414783258226,0.9930929810837634,0.0,0.0,0.0,0.0,0.0,30.0,0.9659258262890683,0.0,0.0,0.25881904510252074,10.021746709280249,48.59654906434105,0.04693949151914012
7.37,0.023346629796183717,-0.021394024711695908,1.0038103644818708,0.0,0.0,0.0,0.0,0.0,30.0,0.9659258262890683,0.0,0.0,0.25881904510252074,10.022210164521983,48.69676884871006,0.04575427918933883
7.38,0.00725161924955336,-0.008068828826572788,1.0014950286537538,0.0,0.0,0.0,0.0,0.0,30.0,0.9659258262890683,0.0,0.0,0.25881904510252074,10.022661794864035,48.79699320850698,0.044574496619702586
7.390000000000001,0.012608714380943834,-0.0006854386383889538,1.0041732532254068,0.0,0.0,0.0,0.0,0.0,30.0,0.9659258262890683,0.0,0.0,0.25881904510252074,10.023101654454376,48.89722202575358,0.043400113965503806
7.4,0.010658548522903991,-0.022473746851041095,1.0147837812547165,0.0,0.0,0.0,0.0,0.0,30.0,0.9659258262890683,0.0,0.0,0.25881904510252074,10.023529797143347,48.99745518301157,0.042231101545155525
7.41,0.026409705025977066,0.007714094335571499,1.0101366463272936,0.0,0.0,0.0,0.0,0.0,30.0,0.9659258262890683,0.0,0.0,0.25881904510252074,10.023946276485278,49.09769256337971,0.04106742983867662
7.42,-0.01055809926765396,-0.003219079945216593,0.9918795618735929,0.0,0.0,0.0,0.0,0.0,30.0,0.9659258262890683,0.0,0.0,0.25881904510252074,10.02435114574012,49.19793405049084,0.039909069487862325
7.43,-0.0024494004498367963,0.007694363455992391,0.9919609941275963,0.0,0.0,0.0,0.0,0.0,30.0,0.9659258262890683,0.0,0.0,0.25881904510252074,10.024744457875036,49.29817952850891,0.03875599129492002
7.44,0.002020164777704505,-0.02100329005562717,0.9984156799809444,0.0,0.0,0.0,0.0,0.0,30.0,0.9659258262890683,0.0,0.0,0.25881904510252074,10.025126265566017,49.398428882126126,0.037608166221275496
7.45,0.004120442207285824,-0.008907128493428557,0.9928011320056225,0.0,0.0,0.0,0.0,0.0,30.0,0.9659258262890683,0.0,0.0,0.25881904510252074,10.025496621199462,49.49868199655995,0.036465565387288734
7.46,0.021984059188251276,-0.013898677738986058,0.9894938295709961,0.0,0.0,0.0,0.0,0.0,30.0,0.9659258262890683,0.0,0.0,0.25881904510252074,10.025855576873763,49.598938757550314,0.03532816007066231
7.47,-0.005070262410947236,0.010244683437045382,1.0210154244382172,0.0,0.0,0.0,0.0,0.0,30.0,0.9659258262890683,0.0,0.0,0.25881904510252074,10.026203184400876,49.699199051356686,0.034195921706725585
7.48,0.006242066658016802,-0.008859220850472064,0.9957226763885986,0.0,0.0,0.0,0.0,0.0,30.0,0.9659258262890683,0.0,0.0,0.25881904510252074,10.026539495307896,49.79946276475523,0.03306882188610416
7.49,0.013469348403689211,-0.010739513934450315,1.0145294662722226,0.0,0.0,0.0,0.0,0.0,30.0,0.9659258262890683,0.0,0.0,0.25881904510252074,10.0268645608386,49.899729785035966,0.03194683235574303
7.5,0.016937578126567366,-0.0008982171795379098,1.006461299693093,0.0,0.0,0.0,0.0,0.0,30.0,0.9659258262890683,0.0,0.0,0.25881904510252074,10.02717843195501,49.99999999999993,0.03138711164094654
